_key,id,nome,porcao,base_unit,category_id,proteina,attributes/protein/unit,lipidio,attributes/lipid/unit,carboidrato,attributes/carbohydrate/unit,sodio,attributes/sodium/unit,caloria,attributes/energy/kj
0,1,"Arroz, integral, cozido",100,g,1,2.58825,g,1.00033333333333,g,25.80975,g,1.24466666666667,mg,123.5348925,516.86999022
1,2,"Arroz, integral, cru",100,g,1,7.32328586956522,g,1.86483333333333,g,77.4507141304348,g,1.64566666666667,mg,359.678002032609,1504.89276050444
2,3,"Arroz, tipo 1, cozido",100,g,1,2.52081666666667,g,0.227,g,28.05985,g,1.20066666666667,mg,128.258485666667,536.633504029333
3,4,"Arroz, tipo 1, cru",100,g,1,7.15853985507246,g,0.335,g,78.7595434782609,g,1.01916666666667,mg,357.789273115942,1496.9903187171
4,5,"Arroz, tipo 2, cozido",100,g,1,2.56841666666667,g,0.361666666666667,g,28.1925833333333,g,1.95966666666667,mg,130.119648333333,544.420608626667
5,6,"Arroz, tipo 2, cru",100,g,1,7.24188297101449,g,0.2755,g,78.8814503623188,g,0.568833333333333,mg,358.116761456522,1498.36052993409
6,7,"Aveia, flocos, crua",100,g,1,13.9210260869565,g,8.49666666666667,g,66.6356405797102,g,4.62666666666667,mg,393.822689449275,1647.75413265577
7,8,"Biscoito, doce, maisena",100,g,1,8.07252173913043,g,11.9666666666667,g,75.2341449275362,g,352.026666666667,mg,442.819390144928,1852.75632836638
8,9,"Biscoito, doce, recheado com chocolate",100,g,1,6.39721739130435,g,19.5833333333333,g,70.5494492753623,g,239.2,mg,471.824779710145,1974.11487830725
9,10,"Biscoito, doce, recheado com morango",100,g,1,5.71982608695652,g,19.5733333333333,g,71.0135072463768,g,229.816666666667,mg,471.174736231884,1971.3950963942
10,11,"Biscoito, doce, wafer, recheado de chocolate",100,g,1,5.56452173913044,g,24.6733333333333,g,67.5354782608696,g,137.24,mg,502.456857971014,2102.27949375072
11,12,"Biscoito, doce, wafer, recheado de morango",100,g,1,4.51704347826087,g,26.4,g,67.3529565217391,g,119.9,mg,513.446182608696,2148.25882803478
12,13,"Biscoito, salgado, cream cracker",100,g,1,10.0551304347826,g,14.4366666666667,g,68.7315362318841,g,854.356666666667,mg,431.73228115942,1806.36786437101
13,14,"Bolo, mistura para",100,g,1,6.15942028985507,g,6.12666666666667,g,84.7139130434783,g,462.88,mg,418.633333333333,1751.56186666667
14,15,"Bolo, pronto, aipim",100,g,1,4.41666666666667,g,12.7476666666667,g,47.864,g,111.008333333333,mg,323.851666666667,1354.99537333333
15,16,"Bolo, pronto, chocolate",100,g,1,6.22291666666667,g,18.4723333333333,g,54.71775,g,283.3,mg,410.013666666667,1715.49718133333
16,17,"Bolo, pronto, coco",100,g,1,5.66666666666667,g,11.2963333333333,g,52.276,g,190.338666666667,mg,333.437666666667,1395.10319733333
17,18,"Bolo, pronto, milho",100,g,1,4.80416666666667,g,12.415,g,45.1088333333333,g,133.811,mg,311.387,1302.843208
18,19,"Canjica, branca, crua",100,g,1,7.2,g,0.971,g,78.061,g,0.789666666666667,mg,357.60259,1496.20923656
19,20,"Canjica, com leite integral",100,g,1,2.36060004234314,g,1.24433333333333,g,23.6277332909902,g,27.5866666666667,mg,112.456777220465,470.519155890427
20,21,"Cereais, milho, flocos, com sal",100,g,1,7.29166666666667,g,1.60333333333333,g,80.835,g,271.737666666667,mg,369.59975,1546.405354
21,22,"Cereais, milho, flocos, sem sal",100,g,1,6.875,g,1.18333333333333,g,80.4483333333333,g,30.9703333333333,mg,363.338316666667,1520.20751693333
22,23,"Cereais, mingau, milho, infantil",100,g,1,6.43115942028986,g,1.09333333333333,g,87.2655072463768,g,399.403333333333,mg,394.42752173913,1650.28475095652
23,24,"Cereais, mistura para vitamina, trigo, cevada e aveia",100,g,1,8.89583333333333,g,2.12,g,81.6175,g,1163.257,mg,381.133333333333,1594.66186666667
24,25,"Cereal matinal, milho",100,g,1,7.15579710144928,g,0.956666666666667,g,83.8242028985507,g,654.543333333333,mg,365.354163768116,1528.6418212058
25,26,"Cereal matinal, milho, acucar",100,g,1,4.74275362318841,g,0.666666666666667,g,88.8405797101449,g,405.313333333333,mg,376.555253623188,1575.50718115942
26,27,"Creme de arroz, po",100,g,1,7.02694977474213,g,1.226,g,83.8693835585912,g,1.03033333333333,mg,386.001190336398,1615.02898036749
27,28,"Creme de milho, po",100,g,1,4.82083333333333,g,1.63933333333333,g,86.1485,g,593.793666666667,mg,333.034192670544,1393.41506213356
28,29,"Curau, milho verde",100,g,1,2.36060004234314,g,1.637,g,13.9443999576569,g,20.512,mg,78.4338183136559,328.167095824336
29,30,"Curau, milho verde, mistura para",100,g,1,2.22291666666667,g,13.3713333333333,g,79.8164166666667,g,222.925666666667,mg,402.286577435315,1683.16703998936
30,31,"Farinha, de arroz, enriquecida",100,g,1,1.26933329264323,g,0.3,g,85.5040000406901,g,17.1016666666667,mg,363.056480181224,1519.02831307824
31,32,"Farinha, de centeio, integral",100,g,1,12.515066502889,g,1.75333333333333,g,73.2982668304443,g,41.3766666666667,mg,335.777662799327,1404.89374115238
32,33,"Farinha, de milho, amarela",100,g,1,7.1875,g,1.46666666666667,g,79.0791666666667,g,44.9323333333333,mg,350.58693322738,1466.85572862336
33,34,"Farinha, de rosca",100,g,1,11.3809996191661,g,1.46333333333333,g,75.7856666666667,g,332.5,mg,370.578096666667,1550.49875645333
34,35,"Farinha, de trigo",100,g,1,9.79078260869565,g,1.36666666666667,g,75.0925507246377,g,0.736666666666667,mg,360.472978550725,1508.21894225623
35,36,"Farinha, lactea, de cereais",100,g,1,11.8791304347826,g,5.79,g,77.7708695652174,g,125.073333333333,mg,414.850517391304,1735.73456476522
36,37,"Lasanha, massa fresca, cozida",100,g,1,5.8125,g,1.15833333333333,g,32.5221666666667,g,206.769333333333,mg,163.763666666667,685.187181333333
37,38,"Lasanha, massa fresca, crua",100,g,1,7.00833333333333,g,1.33766666666667,g,45.0583333333333,g,666.710333333333,mg,220.305666666667,921.758909333334
38,39,"Macarrao, instantaneo",100,g,1,8.79168,g,17.2366666666667,g,62.4316533333333,g,1515.52666666667,mg,435.864780533333,1823.65824175147
39,40,"Macarrao, trigo, cru",100,g,1,9.99565217391304,g,1.30333333333333,g,77.944347826087,g,7.17,mg,371.122613043478,1552.77701297391
40,41,"Macarrao, trigo, cru, com ovos",100,g,1,10.3208,g,1.97,g,76.6225333333334,g,14.74,mg,370.567113333333,1550.45280218667
41,42,"Milho, amido, cru",100,g,1,0.597826086956522,g,Tr,g,87.1488439130435,g,8.083,mg,361.366823878261,1511.95879110664
42,43,"Milho, fuba, cru",100,g,1,7.21376811594203,g,1.90333333333333,g,78.8728985507246,g,Tr,mg,353.482268115942,1478.9698097971
43,44,"Milho, verde, cru",100,g,1,6.58958333333333,g,0.609,g,28.55575,g,1.11566666666667,mg,138.166565,578.08890796
44,45,"Milho, verde, enlatado, drenado",100,g,1,3.22826086956522,g,2.35333333333333,g,17.1350724637681,g,260.3499,mg,97.5648942028985,408.211517344927
45,46,"Mingau tradicional, po",100,g,1,0.583333333333333,g,0.37,g,89.3366666666667,g,14.8553333333333,mg,373.421466666667,1562.39541653333
46,47,"Pamonha, barra para cozimento, pre-cozida",100,g,1,2.55208333333333,g,4.84966666666667,g,30.6849166666667,g,131.993,mg,171.219111666667,716.380763213334
47,48,"Pao, aveia, forma",100,g,1,12.35,g,5.69333333333333,g,59.5666666666667,g,605.763,mg,343.085366666667,1435.46917413333
48,49,"Pao, de soja",100,g,1,11.343,g,3.58,g,56.5103333333333,g,662.541333333333,mg,308.726323333333,1291.71093682667
49,50,"Pao, gluten, forma",100,g,1,11.9509996000926,g,2.72666666666667,g,44.119,g,22.0453333333333,mg,252.99403,1058.52702152
50,51,"Pao, milho, forma",100,g,1,8.303,g,3.11,g,56.397,g,506.644,mg,292.01349,1221.78444216
51,52,"Pao, trigo, forma, integral",100,g,1,9.42516666666667,g,3.65333333333333,g,49.9415,g,506.103333333333,mg,253.193618333333,1059.36209910667
52,53,"Pao, trigo, frances",100,g,1,7.9535652173913,g,3.10333333333333,g,58.6464347826087,g,647.673333333333,mg,299.810150434783,1254.40566941913
53,54,"Pao, trigo, sovado",100,g,1,8.398,g,2.84,g,61.452,g,430.792,mg,310.96494,1301.07730896
54,55,"Pastel, de carne, cru",100,g,1,10.7406996405919,g,8.793,g,42.0166336927414,g,1309.265,mg,288.70207151599,1207.9294672229
55,56,"Pastel, de carne, frito",100,g,1,10.1041996618907,g,20.1366666666667,g,43.7678003381093,g,1039.88866666667,mg,388.374651624968,1624.95954239886
56,57,"Pastel, de queijo, cru",100,g,1,9.853399670283,g,9.63466666666667,g,45.9479336630503,g,984.569666666667,mg,308.474433887374,1290.65703138477
57,58,"Pastel, de queijo, frito",100,g,1,8.70959970855713,g,22.6703333333333,g,48.1327336247762,g,821.382333333333,mg,422.112080039319,1766.11694288451
58,59,"Pastel, massa, crua",100,g,1,6.9027,g,5.477,g,57.3796333333333,g,1344.20133333333,mg,310.202514333333,1297.88731997067
59,60,"Pastel, massa, frita",100,g,1,6.0192,g,40.8603333333333,g,49.3431333333333,g,1174.667,mg,569.672459333333,2383.50956985067
60,61,"Pipoca, com oleo de soja, sem sal",100,g,1,9.92708333333334,g,15.941,g,70.3125833333333,g,4.32033333333333,mg,448.334261847198,1875.83055156868
61,62,"Polenta, pre-cozida",100,g,1,2.29166666666667,g,0.303333333333333,g,23.3116666666667,g,441.889333333333,mg,102.741166666667,429.869041333333
62,63,"Torrada, pao frances",100,g,1,10.5241,g,3.301,g,74.5559,g,829.492333333333,mg,377.422283,1579.134832072
63,64,"Abobora, cabotian, cozida",100,g,2,1.44375,g,0.729333333333333,g,10.7609166666667,g,1.45166666666667,mg,48.0437425,201.01501862
64,65,"Abobora, cabotian, crua",100,g,2,1.7463768115942,g,0.536666666666667,g,8.36028985507247,g,Tr,mg,38.5992942028986,161.499446944928
65,66,"Abobora, menina brasileira, crua",100,g,2,0.608695652173913,g,Tr,g,3.30130434782609,g,Tr,mg,13.6056739130435,56.9261396521739
66,67,"Abobora, moranga, crua",100,g,2,0.960144927536232,g,0.06,g,2.66652173913043,g,Tr,mg,12.364436231884,51.7328011942028
67,68,"Abobora, moranga, refogada",100,g,2,0.39375,g,0.799,g,5.98191666666666,g,3.02766666666667,mg,29.0038220317562,121.351991380868
68,69,"Abobora, pescoco, crua",100,g,2,0.670833333333333,g,0.116,g,6.12283333333334,g,0.745,mg,24.4662679497004,102.366865101546
69,70,"Abobrinha, italiana, cozida",100,g,2,1.125,g,0.199,g,2.97700000000001,g,0.832666666666667,mg,15.03852,62.9211676800001
70,71,"Abobrinha, italiana, crua",100,g,2,1.14130434782609,g,0.14,g,4.29202898550724,g,Tr,mg,19.2791260869565,80.6638635478259
71,72,"Abobrinha, italiana, refogada",100,g,2,1.06875,g,0.821333333333333,g,4.18691666666666,g,2.209,mg,24.4296021876534,102.213455553142
72,73,"Abobrinha, paulista, crua",100,g,2,0.639583333333333,g,0.139,g,7.86742,g,0.500666666666667,mg,30.8107022288163,128.911978125368
73,74,"Acelga, crua",100,g,2,1.44375,g,0.106,g,4.63091666666666,g,1.18066666666667,mg,20.9423424999999,87.6227610199998
74,75,"Agriao, cru",100,g,2,2.68840579710145,g,0.236666666666667,g,2.25159420289854,g,7.46233333333333,mg,16.5788014492753,69.365705263768
75,76,"Aipo, cru",100,g,2,0.758333333333333,g,0.069,g,4.27233333333335,g,9.51566666666667,mg,19.0914566449706,79.8786546025571
76,77,"Alface, americana, crua",100,g,2,0.608333333333333,g,0.129,g,1.74533333333335,g,7.30833333333333,mg,8.79490323686605,36.7978751430476
77,78,"Alface, crespa, crua",100,g,2,1.34782608695652,g,0.16,g,1.69550724637683,g,3.38,mg,10.6808565217392,44.6887036869569
78,79,"Alface, lisa, crua",100,g,2,1.68840579710145,g,0.123333333333333,g,2.42826086956522,g,4.23333333333333,mg,13.8209014492753,57.826651663768
79,80,"Alface, roxa, crua",100,g,2,0.90625,g,0.191666666666667,g,2.49341666666666,g,7.12433333333333,mg,12.716997363468,53.2079169687501
80,81,"Alfavaca, crua",100,g,2,2.65833333333333,g,0.476333333333333,g,5.241,g,4.55033333333333,mg,29.1836130810579,122.104237131146
81,82,"Alho, cru",100,g,2,7.01086956521739,g,0.22,g,23.9057971014493,g,5.36,mg,113.12987826087,473.335410643478
82,83,"Alho-poro, cru",100,g,2,1.4125,g,0.139666666666667,g,6.87816666666667,g,1.76233333333333,mg,31.5079193532467,131.829134573984
83,84,"Almeirao, cru",100,g,2,1.76811594202899,g,0.216666666666667,g,3.33521739130435,g,2.35066666666667,mg,18.0344289855072,75.4560508753623
84,85,"Almeirao, refogado",100,g,2,1.70416666666667,g,4.847,g,5.70149999999999,g,14.515,mg,65.0819108288685,272.302714907986
85,86,"Batata, baroa, cozida",100,g,2,0.852083333333333,g,0.166333333333333,g,18.9475833333333,g,2.098,mg,80.1197625,335.2210863
86,87,"Batata, baroa, crua",100,g,2,1.04710144927536,g,0.17,g,23.9828985507246,g,Tr,mg,100.984923188406,422.52091862029
87,88,"Batata, doce, cozida",100,g,2,0.641666666666667,g,0.087666666666667,g,18.4223333333333,g,2.699,mg,76.7596105034352,321.162210346373
88,89,"Batata, doce, crua",100,g,2,1.25724637681159,g,0.133333333333333,g,28.1960869565217,g,8.77333333333333,mg,118.241375362319,494.721914515942
89,90,"Batata, frita, tipo chips, industrializada",100,g,2,5.58333333333333,g,36.615,g,51.2223333333333,g,607.399333333333,mg,542.73467338419,2270.80187343945
90,91,"Batata, inglesa, cozida",100,g,2,1.16458333333333,g,Tr,g,11.94375,g,2.29366666666667,mg,51.5884766362707,215.846186246156
91,92,"Batata, inglesa, crua",100,g,2,1.77173913043478,g,Tr,g,14.6882608695652,g,Tr,mg,64.3702260869565,269.325025947826
92,93,"Batata, inglesa, frita",100,g,2,4.96666666666667,g,13.1086666666667,g,35.6403333333333,g,1.913,mg,267.157422502041,1117.78665574854
93,94,"Batata, inglesa, saute",100,g,2,1.29166666666667,g,0.896333333333333,g,14.093,g,8.182,mg,67.8879361506303,284.043124854237
94,95,"Berinjela, cozida",100,g,2,0.677083333333333,g,0.148333333333333,g,4.46825,g,1.325,mg,18.8452855568131,78.8486747697059
95,96,"Berinjela, crua",100,g,2,1.22101449275362,g,0.1,g,4.42898550724637,g,Tr,mg,19.6277536231884,82.1225211594202
96,97,"Beterraba, cozida",100,g,2,1.29375,g,0.092666666666667,g,7.23491666666666,g,22.7616666666667,mg,32.1543243314028,134.533693002589
97,98,"Beterraba, crua",100,g,2,1.94565217391304,g,0.09,g,11.1110144927536,g,9.72,mg,48.8285086956522,204.298480382609
98,99,"Biscoito, polvilho doce",100,g,2,1.29166666666667,g,12.249,g,80.5353333333333,g,97.8013333333333,mg,437.549,1830.705016
99,100,"Brocolis, cozido",100,g,2,2.13333333333333,g,0.459,g,4.36666666666666,g,2.122,mg,24.6361631113688,103.077706457967
100,101,"Brocolis, cru",100,g,2,3.64492753623188,g,0.266666666666667,g,4.02507246376812,g,3.33333333333333,mg,25.495131884058,106.671631802898
101,102,"Cara, cozido",100,g,2,1.52916666666667,g,0.112333333333333,g,18.8525,g,1.00633333333333,mg,77.5849133333334,324.615277386667
102,103,"Cara, cru",100,g,2,2.28260869565217,g,0.136666666666667,g,22.9540579710145,g,Tr,mg,95.6331347826087,400.129035930435
103,104,"Caruru, cru",100,g,2,3.2,g,0.585,g,5.97399999999999,g,13.665,mg,34.03162971735,142.388338737392
104,105,"Catalonha, crua",100,g,2,1.86875,g,0.282333333333333,g,4.75224999999999,g,9.39366666666667,mg,23.8884122573733,99.9491168848499
105,106,"Catalonha, refogada",100,g,2,1.95,g,4.80566666666667,g,4.80933333333334,g,24.7193333333333,mg,63.4492691488266,265.471742118691
106,107,"Cebola, crua",100,g,2,1.71014492753623,g,0.08,g,8.8531884057971,g,0.596666666666667,mg,39.4200463768116,164.93347404058
107,108,"Cebolinha, crua",100,g,2,1.86594202898551,g,0.35,g,3.37072463768117,g,1.60333333333333,mg,19.5158855072464,81.6544649623191
108,109,"Cenoura, cozida",100,g,2,0.847916666666667,g,0.218333333333333,g,6.68674999999999,g,7.881,mg,29.8617777101596,124.941677939308
109,110,"Cenoura, crua",100,g,2,1.32246376811594,g,0.173333333333333,g,7.66,g,3.33333333333333,mg,34.1353884057971,142.822465089855
110,111,"Chicoria, crua",100,g,2,1.13768115942029,g,0.143333333333333,g,2.85333333333334,g,13.5223333333333,mg,13.8371202898551,57.8945112927537
111,112,"Chuchu, cozido",100,g,2,0.414583333333333,g,Tr,g,4.79341666666667,g,1.80733333333333,mg,18.539790531377,77.5704835832814
112,113,"Chuchu, cru",100,g,2,0.699275362318841,g,0.06,g,4.13739130434783,g,Tr,mg,16.9789188405797,71.0397964289856
113,114,"Coentro, folhas desidratadas",100,g,2,20.875,g,10.3866666666667,g,47.955,g,18.2553333333333,mg,309.070746804476,1293.15200462993
114,115,"Couve, manteiga, crua",100,g,2,2.8731884057971,g,0.546666666666667,g,4.33347826086956,g,6.171,mg,27.0566971014493,113.205220672464
115,116,"Couve, manteiga, refogada",100,g,2,1.66666666666667,g,6.594,g,8.70766666666667,g,11.4466666666667,mg,90.3448154261112,378.002707742849
116,117,"Couve-flor, crua",100,g,2,1.90579710144928,g,0.213333333333333,g,4.51753623188406,g,3.43666666666667,mg,22.5633492753623,94.4050533681158
117,118,"Couve-flor, cozida",100,g,2,1.23958333333333,g,0.269333333333333,g,3.87541666666668,g,1.78766666666667,mg,19.1141406147282,79.9735643320227
118,119,"Espinafre, Nova Zelandia, cru",100,g,2,1.9963768115942,g,0.243333333333333,g,2.5736231884058,g,17.0948333333333,mg,16.0956942028985,67.3443845449274
119,120,"Espinafre, Nova Zelandia, refogado",100,g,2,2.71875,g,5.43466666666667,g,4.23858333333334,g,47.0243333333333,mg,67.253651750664,281.389278924778
120,121,"Farinha, de mandioca, crua",100,g,2,1.55434782608696,g,0.276666666666667,g,87.8989855072464,g,1.02333333333333,mg,360.869698550725,1509.87881873623
121,122,"Farinha, de mandioca, torrada",100,g,2,1.22916666666667,g,0.286666666666667,g,89.1941666666667,g,10.31,mg,365.268975,1528.2853914
122,123,"Farinha, de puba",100,g,2,1.61666666666667,g,0.469,g,87.2853333333333,g,3.60766666666667,mg,360.179774879932,1506.99217809764
123,124,"Fecula, de mandioca",100,g,2,0.520833333333333,g,0.283333333333333,g,81.1491666666667,g,2.449,mg,330.850558333333,1384.27873606667
124,125,"Feijao, broto, cru",100,g,2,4.16666666666667,g,0.102666666666667,g,7.75833333333333,g,1.793,mg,38.7232363754113,162.018020994721
125,126,"Inhame, cru",100,g,2,2.05072463768116,g,0.213333333333333,g,23.2326086956522,g,Tr,mg,96.699831884058,404.592096602899
126,127,"Jilo, cru",100,g,2,1.40217391304348,g,0.22,g,6.19115942028986,g,Tr,mg,27.3651434782609,114.495760313043
127,128,"Jurubeba, crua",100,g,2,4.4125,g,3.90966666666667,g,23.0591666666667,g,0.771,mg,125.811635,526.39588084
128,129,"Mandioca, cozida",100,g,2,0.575,g,0.298333333333333,g,30.09,g,0.906666666666667,mg,125.35825,524.498918
129,130,"Mandioca, crua",100,g,2,1.1304347826087,g,0.3,g,36.1695652173913,g,2.15,mg,151.416956521739,633.528546086957
130,131,"Mandioca, farofa, temperada",100,g,2,2.0625,g,9.12,g,80.3041666666667,g,574.508,mg,405.693941666667,1697.42345193333
131,132,"Mandioca, frita",100,g,2,1.38125,g,11.195,g,50.2514166666667,g,8.936,mg,300.05524338915,1255.4311383402
132,133,"Manjericao, cru",100,g,2,1.98550724637681,g,0.393333333333333,g,3.64449275362319,g,3.88666666666667,mg,21.1476768115942,88.4818797797102
133,134,"Maxixe, cru",100,g,2,1.39130434782609,g,0.073,g,2.72869565217391,g,10.993,mg,13.7472360869565,57.5184357878261
134,135,"Mostarda, folha, crua",100,g,2,2.11041666666667,g,0.167666666666667,g,3.23658333333333,g,2.87933333333333,mg,18.1073890521725,75.7613157942897
135,136,"Nhoque, batata, cozido",100,g,2,5.85833333333333,g,1.94333333333333,g,36.78,g,7.068,mg,180.775273993413,756.363746388438
136,137,"Nabo, cru",100,g,2,1.20289855072464,g,0.053333333333333,g,4.14710144927538,g,2.46,mg,18.1866246376812,76.0928374840582
137,138,"Palmito, Jucara, em conserva",100,g,2,1.79166666666667,g,0.403333333333333,g,4.32833333333333,g,513.820333333333,mg,23.1997164340813,97.0676135601964
138,139,"Palmito, pupunha, em conserva",100,g,2,2.45833333333333,g,0.45,g,5.509,g,562.685333333333,mg,29.4319633333333,123.143334586667
139,140,"Pao, de queijo, assado",100,g,2,5.12083333333333,g,24.5673333333333,g,34.2415,g,773.493333333333,mg,363.077913333333,1519.11798938667
140,141,"Pao, de queijo, cru",100,g,2,3.648,g,13.9886666666667,g,38.512,g,404.994,mg,294.538,1232.346992
141,142,"Pepino, cru",100,g,2,0.869565217391304,g,Tr,g,2.03710144927535,g,Tr,mg,9.53369130434782,39.8889644173913
142,143,"Pimentao, amarelo, cru",100,g,2,1.22463768115942,g,0.436666666666667,g,5.96202898550725,g,Tr,mg,27.9274594202899,116.848490214493
143,144,"Pimentao, verde, cru",100,g,2,1.05072463768116,g,0.15,g,4.89260869565218,g,Tr,mg,21.2858811594203,89.0601267710145
144,145,"Pimentao, vermelho, cru",100,g,2,1.03985507246377,g,0.146666666666667,g,5.46681159420291,g,Tr,mg,23.281363768116,97.4092260057974
145,146,"Polvilho, doce",100,g,2,0.43,g,Tr,g,86.7733333333333,g,1.57666666666667,mg,351.226733333333,1469.53265226667
146,147,"Quiabo, cru",100,g,2,1.91875,g,0.299,g,6.37391666666667,g,0.891,mg,29.9392621500691,125.265872835889
147,148,"Rabanete, cru",100,g,2,1.39130434782609,g,0.073333333333333,g,2.72536231884058,g,10.9933333333333,mg,13.7381260869565,57.480319547826
148,149,"Repolho, branco, cru",100,g,2,0.876811594202899,g,0.143333333333333,g,3.85985507246377,g,3.64333333333333,mg,17.1188028985507,71.6250713275362
149,150,"Repolho, roxo, cru",100,g,2,1.90833333333333,g,0.063666666666667,g,7.204,g,2.33766666666667,mg,30.9075029543241,129.316992360892
150,151,"Repolho, roxo, refogado",100,g,2,1.80208333333333,g,1.24033333333333,g,7.56158333333333,g,3.41666666666667,mg,41.7735252897143,174.780429812165
151,152,"Rucula, crua",100,g,2,1.76666666666667,g,0.107333333333333,g,2.21966666666666,g,9.418,mg,13.1332566072941,54.9495456449184
152,153,"Salsa, crua",100,g,2,3.25724637681159,g,0.61,g,5.70608695652174,g,2.3,mg,33.4241115942029,139.846482910145
153,154,"Seleta de legumes, enlatada",100,g,2,3.42028985507246,g,0.353333333333333,g,12.6697101449275,g,398.136666666667,mg,56.5337724637681,236.537303988406
154,155,"Serralha, crua",100,g,2,2.67291666666667,g,0.742666666666667,g,4.94675,g,19.347,mg,30.3979341666666,127.184956553333
155,156,"Taioba, crua",100,g,2,2.89583333333333,g,0.926666666666667,g,5.43049999999999,g,1.16066666666667,mg,34.2089183333333,143.130114306667
156,157,"Tomate, com semente, cru",100,g,2,1.09782608695652,g,0.173333333333333,g,3.13884057971015,g,1.02,mg,15.3351565217392,64.1622948869566
157,158,"Tomate, extrato",100,g,2,2.43478260869565,g,0.19,g,14.9586173913043,g,497.933333333333,mg,60.9334336521739,254.945486400696
158,159,"Tomate, molho industrializado",100,g,2,1.375,g,0.903333333333333,g,7.71166666666668,g,418.280666666667,mg,38.4465494604906,160.860362942693
159,160,"Tomate, pure",100,g,2,1.36231884057971,g,Tr,g,6.89434782608695,g,103.93,mg,27.9368797101449,116.887904707246
160,161,"Tomate, salada",100,g,2,0.810416666666667,g,Tr,g,5.11791666666666,g,5.243,mg,20.5469091666666,85.9682679533332
161,162,"Vagem, crua",100,g,2,1.78623188405797,g,0.173333333333333,g,5.34710144927536,g,Tr,mg,24.8983579710145,104.174729750725
162,163,"Abacate, cru",100,g,3,1.23913043478261,g,8.39666666666667,g,6.0308695652174,g,Tr,mg,96.1547086956522,402.311301182609
163,164,"Abacaxi, cru",100,g,3,0.858695652173913,g,0.123333333333333,g,12.3346376811594,g,Tr,mg,48.3222130434782,202.180139373913
164,165,"Abacaxi, polpa, congelada",100,g,3,0.466666666666667,g,0.113333333333333,g,7.79866666666666,g,1.23633333333333,mg,30.5917991943359,127.996087829102
165,166,"Abiu, cru",100,g,3,0.833333333333333,g,0.703333333333333,g,14.927,g,Tr,mg,62.4240984085401,261.182427741332
166,167,"Acai, polpa, com xarope de guarana e glucose",100,g,3,0.720833333333333,g,3.66033333333333,g,21.4551666666667,g,15.0986666666667,mg,110.29759,461.48511656
167,168,"Acai, polpa, congelada",100,g,3,0.797916666666667,g,3.94433333333333,g,6.20841666666667,g,5.177,mg,58.0453688728213,242.861823363884
168,169,"Acerola, crua",100,g,3,0.90625,g,0.207666666666667,g,7.96641666666667,g,Tr,mg,33.46227,140.00613768
169,170,"Acerola, polpa, congelada",100,g,3,0.591666666666667,g,Tr,g,5.54133333333333,g,1.28,mg,21.9368,91.7835711999999
170,171,"Ameixa, calda, enlatada",100,g,3,0.408333333333333,g,Tr,g,46.8926666666667,g,2.70433333333333,mg,182.84662,765.03025808
171,172,"Ameixa, crua",100,g,3,0.771739130434783,g,Tr,g,13.8515942028986,g,Tr,mg,52.5424826086957,219.837747234783
172,173,"Ameixa, em calda, enlatada, drenada",100,g,3,1.025,g,0.280333333333333,g,47.658,g,2.79033333333333,mg,177.359185315371,742.07083135951
173,174,"Atemoia, crua",100,g,3,0.970833333333333,g,0.300333333333333,g,25.3321666666667,g,0.785,mg,96.9715874479214,405.729121882103
174,175,"Banana, da terra, crua",100,g,3,1.43478260869565,g,0.24,g,33.6652173913044,g,Tr,mg,128.024452173913,535.654307895652
175,176,"Banana, doce em barra",100,g,3,2.16875,g,0.05,g,75.6665833333333,g,9.88233333333333,mg,280.105192550639,1171.96012563188
176,177,"Banana, figo, crua",100,g,3,1.13125,g,0.141666666666667,g,27.8044166666667,g,Tr,mg,105.08265,439.6658076
177,178,"Banana, maca, crua",100,g,3,1.7536231884058,g,0.06,g,22.3363768115942,g,Tr,mg,86.8053304347826,363.19350253913
178,179,"Banana, nanica, crua",100,g,3,1.39855072463768,g,0.116666666666667,g,23.848115942029,g,Tr,mg,91.528847826087,382.956699304348
179,180,"Banana, ouro, crua",100,g,3,1.48188405797101,g,0.21,g,29.3414492753623,g,Tr,mg,112.366047826087,470.139544104348
180,181,"Banana, pacova, crua",100,g,3,1.22708333333333,g,0.079,g,20.3125833333333,g,0.938666666666667,mg,77.9095279250741,325.97346483851
181,182,"Banana, prata, crua",100,g,3,1.26811594202899,g,0.065,g,25.956884057971,g,Tr,mg,98.2497021739131,411.076753895652
182,183,"Cacau, cru",100,g,3,0.954166666666667,g,0.144,g,19.4111666666667,g,0.700333333333333,mg,74.29148,310.83555232
183,184,"Caja-Manga, cru",100,g,3,1.27916666666667,g,Tr,g,11.4341666666667,g,1.43866666666667,mg,45.5809687737227,190.710773349256
184,185,"Caja, polpa, congelada",100,g,3,0.589583333333333,g,0.167666666666667,g,6.37441666666666,g,6.945,mg,26.3322693110506,110.174214797436
185,186,"Caju, cru",100,g,3,0.971014492753623,g,0.33,g,10.2889888405797,g,2.96666666666667,mg,43.0650685217391,180.184246694956
186,187,"Caju, polpa, congelada",100,g,3,0.48125,g,0.154,g,9.35074999999999,g,4.16166666666667,mg,36.56868,153.00335712
187,188,"Caju, suco concentrado, envasado",100,g,3,0.404166666666667,g,0.2,g,10.7338333333333,g,45.0443333333333,mg,45.1086266666667,188.734493973333
188,189,"Caqui, chocolate, cru",100,g,3,0.35625,g,0.069333333333333,g,19.32575,g,2.18333333333333,mg,71.3500181116462,298.528475779128
189,190,"Carambola, crua",100,g,3,0.870833333333333,g,0.177,g,11.4815,g,4.09466666666667,mg,45.7408887934287,191.379878711706
190,191,"Ciriguela, crua",100,g,3,1.39791666666667,g,0.359666666666667,g,18.8574166666667,g,1.68233333333333,mg,75.59411,316.28575624
191,192,"Cupuacu, cru",100,g,3,1.16041666666667,g,0.951333333333333,g,10.4335833333333,g,3.196,mg,49.4225587743719,206.783985911972
192,193,"Cupuacu, polpa, congelada",100,g,3,0.84375,g,0.593666666666667,g,11.3869166666667,g,0.689,mg,48.79689,204.16618776
193,194,"Figo, cru",100,g,3,0.967391304347826,g,0.156666666666667,g,10.2459420289855,g,Tr,mg,41.4471260869565,173.414775547826
194,195,"Figo, enlatado, em calda",100,g,3,0.561594202898551,g,0.15,g,50.3384057971015,g,6.87,mg,184.360717391304,771.365241565217
195,196,"Fruta-pao, crua",100,g,3,1.08125,g,0.189333333333333,g,17.1744166666667,g,0.799333333333333,mg,67.04562,280.51887408
196,197,"Goiaba, branca, com casca, crua",100,g,3,0.898550724637681,g,0.486666666666667,g,12.4014492753623,g,Tr,mg,51.737747826087,216.470736904348
197,198,"Goiaba, doce em pasta",100,g,3,0.579710144927536,g,,,74.1236231884058,g,3.7,mg,268.959826086957,1125.32791234783
198,199,"Goiaba, doce, cascao",100,g,3,0.414583333333333,g,0.103333333333333,g,78.70275,g,11.0293333333333,mg,285.587792439004,1194.89932356479
199,200,"Goiaba, vermelha, com casca, crua",100,g,3,1.08695652173913,g,0.44,g,13.0097101449275,g,Tr,mg,54.1699304347826,226.646988939131
200,201,"Graviola, crua",100,g,3,0.845833333333333,g,0.21,g,15.8395,g,4.16,mg,61.6218983766636,257.82602280796
201,202,"Graviola, polpa, congelada",100,g,3,0.566666666666667,g,0.137666666666667,g,9.78266666666666,g,3.04633333333333,mg,38.27387,160.13787208
202,203,"Jabuticaba, crua",100,g,3,0.6125,g,0.128333333333333,g,15.2558333333333,g,Tr,mg,58.05315,242.8943796
203,204,"Jaca, crua",100,g,3,1.40208333333333,g,0.265,g,22.4975833333333,g,1.80166666666667,mg,87.92035,367.8587444
204,205,"Jambo, cru",100,g,3,0.885416666666667,g,0.066666666666667,g,6.49425,g,21.656,mg,26.9123,112.6010632
205,206,"Jamelao, cru",100,g,3,0.545833333333333,g,0.109666666666667,g,10.6271666666667,g,1.36633333333333,mg,41.0097089167039,171.584622107489
206,207,"Kiwi, cru",100,g,3,1.33695652173913,g,0.626666666666667,g,11.4997101449275,g,Tr,mg,51.1363304347826,213.954406539131
207,208,"Laranja, baia, crua",100,g,3,0.978260869565218,g,0.103333333333333,g,11.4684057971015,g,Tr,mg,45.4381173913043,190.113083165217
208,209,"Laranja, baia, suco",100,g,3,0.652173913043478,g,Tr,g,8.69782608695652,g,Tr,mg,36.6494826086956,153.341435234782
209,210,"Laranja, da terra, crua",100,g,3,1.07708333333333,g,0.185666666666667,g,12.8605833333333,g,0.83,mg,51.4711286392808,215.355202226751
210,211,"Laranja, da terra, suco",100,g,3,0.666666666666667,g,0.142,g,9.57333333333334,g,Tr,mg,40.9560073108673,171.359934588669
211,212,"Laranja, lima, crua",100,g,3,1.05625,g,0.075333333333333,g,11.53375,g,1.111,mg,45.7010387806296,191.213146258154
212,213,"Laranja, lima, suco",100,g,3,0.714583333333333,g,0.119333333333333,g,9.16741666666668,g,Tr,mg,39.3360939441324,164.58221706225
213,214,"Laranja, pera, crua",100,g,3,1.04347826086957,g,0.126666666666667,g,8.94652173913044,g,Tr,mg,36.7737652173913,153.861433669565
214,215,"Laranja, pera, suco",100,g,3,0.739130434782609,g,0.073333333333333,g,7.55420289855072,g,Tr,mg,32.7097536231884,136.85760915942
215,216,"Laranja, valencia, crua",100,g,3,0.766666666666667,g,0.159,g,11.723,g,0.629,mg,46.109628783385,192.922686829683
216,217,"Laranja, valencia, suco",100,g,3,0.483333333333333,g,0.124333333333333,g,8.554,g,Tr,mg,36.1963505876859,151.445530858878
217,218,"Limao, cravo, suco",100,g,3,0.325,g,Tr,g,5.24666666666666,g,Tr,mg,14.1037333993117,59.0100205427201
218,219,"Limao, galego, suco",100,g,3,0.565217391304348,g,0.066666666666667,g,7.32144927536232,g,Tr,mg,22.2250434782609,92.9895819130436
219,220,"Limao, tahiti, cru",100,g,3,0.939583333333333,g,0.14,g,11.0844166666667,g,1.24833333333333,mg,31.8181534301639,133.127153951806
220,221,"Maca, Argentina, com casca, crua",100,g,3,0.225,g,0.246,g,16.588,g,1.318,mg,62.5318183662891,261.633128044554
221,222,"Maca, Fuji, com casca, crua",100,g,3,0.286666666666667,g,Tr,g,15.1533333333333,g,Tr,mg,55.5152000000001,232.2755968
222,223,"Macauba, crua",100,g,3,2.0829,g,40.6566666666667,g,13.9454333333333,g,0.654333333333333,mg,404.281876666667,1691.51537197333
223,224,"Mamao, doce em calda, drenado",100,g,3,0.19375,g,0.067333333333333,g,54.0035833333333,g,2.91433333333333,mg,195.627474821786,818.505354654353
224,225,"Mamao, Formosa, cru",100,g,3,0.815217391304348,g,0.12,g,11.5547826086956,g,3.25666666666667,mg,45.3407478260869,189.705688904348
225,226,"Mamao, Papaia, cru",100,g,3,0.45625,g,0.124333333333333,g,10.43975,g,1.63033333333333,mg,40.1567689422966,168.015921254569
226,227,"Mamao verde, doce em calda, drenado",100,g,3,0.316666666666667,g,0.098,g,57.6366666666667,g,4.74,mg,209.376254458904,876.030248656056
227,228,"Manga, Haden, crua",100,g,3,0.408333333333333,g,0.256,g,16.6626666666667,g,0.551333333333333,mg,63.5003183387915,265.685331929504
228,229,"Manga, Palmer, crua",100,g,3,0.410416666666667,g,0.172,g,19.35225,g,1.86366666666667,mg,72.4867380916873,303.28451217562
229,230,"Manga, polpa, congelada",100,g,3,0.38125,g,0.234,g,12.5184166666667,g,6.73333333333333,mg,48.30588,202.11180192
230,231,"Manga, Tommy Atkins, crua",100,g,3,0.855072463768116,g,0.22,g,12.7715942028985,g,Tr,mg,50.6921826086956,212.096092034783
231,232,"Maracuja, cru",100,g,3,1.98913043478261,g,2.10333333333333,g,12.2642028985507,g,1.58,mg,68.4395086956521,286.350904382609
232,233,"Maracuja, polpa, congelada",100,g,3,0.8125,g,0.176666666666667,g,9.59749999999999,g,8.096,mg,38.7597,162.1705848
233,234,"Maracuja, suco concentrado, envasado",100,g,3,0.766666666666667,g,0.193333333333333,g,9.63599999999999,g,21.6923333333333,mg,41.96732,175.59126688
234,235,"Melancia, crua",100,g,3,0.884057971014493,g,Tr,g,8.13927536231884,g,Tr,mg,32.6066260869565,136.426123547826
235,236,"Melao, cru",100,g,3,0.677536231884058,g,Tr,g,7.52579710144927,g,11.1666666666667,mg,29.3693913043478,122.881533217391
236,237,"Mexerica, Murcote, crua",100,g,3,0.883333333333333,g,0.134,g,14.862,g,1.16733333333333,mg,57.5927784746488,240.96818513793
237,238,"Mexerica, Rio, crua",100,g,3,0.65,g,0.128333333333333,g,9.33700000000001,g,1.824,mg,36.8713500000001,154.2697284
238,239,"Morango, cru",100,g,3,0.894927536231884,g,0.31,g,6.81840579710146,g,Tr,mg,30.1479173913044,126.138886365217
239,240,"Nespera, crua",100,g,3,0.308333333333333,g,Tr,g,11.5286666666667,g,Tr,mg,42.5391988681952,177.984008064529
240,241,"Pequi, cru",100,g,3,2.33541666666667,g,17.971,g,12.9729166666667,g,Tr,mg,204.96677,857.58096568
241,242,"Pera, Park, crua",100,g,3,0.235416666666667,g,0.230333333333333,g,16.0749166666667,g,0.981666666666667,mg,60.58859,253.50266056
242,243,"Pera, Williams, crua",100,g,3,0.565217391304348,g,0.11,g,14.0247826086956,g,Tr,mg,53.3090478260869,223.045056104348
243,244,"Pessego, Aurora, cru",100,g,3,0.825,g,Tr,g,9.32100000000001,g,Tr,mg,36.3275990245342,151.994674318651
244,245,"Pessego, enlatado, em calda",100,g,3,0.706521739130435,g,Tr,g,16.8801449275362,g,3.201,mg,63.1424347826087,264.187947130435
245,246,"Pinha, crua",100,g,3,1.48541666666667,g,0.319,g,22.4479166666667,g,1.33733333333333,mg,88.4735276668668,370.173239758171
246,247,"Pitanga, crua",100,g,3,0.929166666666667,g,0.169,g,10.2441666666667,g,1.704,mg,41.41553,173.28257752
247,248,"Pitanga, polpa, congelada",100,g,3,0.285416666666667,g,0.121333333333333,g,4.75858333333333,g,5.029,mg,19.1054595023592,79.937242557871
248,249,"Roma, crua",100,g,3,0.404166666666667,g,Tr,g,15.1058333333333,g,0.591333333333333,mg,55.739,233.211976
249,250,"Tamarindo, cru",100,g,3,3.20625,g,0.455,g,72.53175,g,0.355333333333333,mg,275.695642694414,1153.51056903343
250,251,"Tangerina, Ponca, crua",100,g,3,0.847826086956522,g,0.073333333333333,g,9.60999999999999,g,Tr,mg,37.8306,158.215122156522
251,252,"Tangerina, Ponca, suco",100,g,3,0.521739130434783,g,Tr,g,8.8,g,Tr,mg,36.1088,150.981422747826
252,253,"Tucuma, cru",100,g,3,2.09375,g,19.0766666666667,g,26.4745833333333,g,3.893,mg,262.015195072393,1096.27157618289
253,254,"Umbu, cru",100,g,3,0.841666666666667,g,Tr,g,9.39533333333333,g,Tr,mg,37.01669,154.87783096
254,255,"Umbu, polpa, congelada",100,g,3,0.5125,g,0.070333333333333,g,8.78683333333333,g,5.771,mg,33.94329,142.01872536
255,256,"Uva, Italia, crua",100,g,3,0.746376811594203,g,0.203333333333333,g,13.5733333333333,g,Tr,mg,52.8731000000001,221.16109186087
256,257,"Uva, Rubi, crua",100,g,3,0.608333333333333,g,0.157,g,12.6953333333333,g,7.919,mg,49.06129,205.27243736
257,258,"Uva, suco concentrado, envasado",100,g,3,Tr,g,Tr,g,14.708,g,9.58333333333333,mg,57.65536,241.23002624
258,259,"Azeite, de dende",100,g,4,NA,g,100,g,NA,g,,,884,3698.656
259,260,"Azeite, de oliva, extra virgem",100,g,4,NA,g,100,g,NA,g,,,884,3698.656
260,261,"Manteiga, com sal",100,g,4,0.41470000743866,g,82.361,g,0.063299992561333,g,578.694666666667,mg,725.968926845999,3037.45398992366
261,262,"Manteiga, sem sal",100,g,4,0.395560007095337,g,86.0393333333333,g,,,3.84866666666667,mg,757.540460725997,3169.54928767757
262,263,"Margarina, com oleo hidrogenado, com sal (65% de lipideos)",100,g,4,Tr,g,67.4343333333333,g,,,894.038666666667,mg,596.119516956329,2494.16405894528
263,264,"Margarina, com oleo hidrogenado, sem sal (80% de lipideos)",100,g,4,Tr,g,81.7336666666667,g,,,77.891,mg,722.525625804901,3023.04721836771
264,265,"Margarina, com oleo interesterificado, com sal (65%de lipideos)",100,g,4,Tr,g,67.2456666666667,g,,,560.797666666667,mg,594.451693333333,2487.18588490667
265,266,"Margarina, com oleo interesterificado, sem sal (65% de lipideos)",100,g,4,Tr,g,67.097,g,,,33.1943333333333,mg,593.13749023819,2481.68725915659
266,267,"oleo, de babacu",100,g,4,NA,g,100,g,NA,g,,,884,3698.656
267,268,"oleo, de canola",100,g,4,NA,g,100,g,NA,g,,,884,3698.656
268,269,"oleo, de girassol",100,g,4,NA,g,100,g,NA,g,,,884,3698.656
269,270,"oleo, de milho",100,g,4,NA,g,100,g,NA,g,,,884,3698.656
270,271,"oleo, de pequi",100,g,4,NA,g,100,g,NA,g,,,884,3698.656
271,272,"oleo, de soja",100,g,4,NA,g,100,g,NA,g,,,884,3698.65606384277
272,273,"Abadejo, file, congelado, assado",100,g,5,23.525,g,1.23766666666667,g,,,334.391333333333,mg,111.615503451188,466.999266439772
273,274,"Abadejo, file, congelado,cozido",100,g,5,19.3458333333333,g,0.942,g,,,189.337666666667,mg,91.1035483955542,381.177246486999
274,275,"Abadejo, file, congelado, cru",100,g,5,13.0833333333333,g,0.36,g,,,78.515,mg,59.1130332485835,247.328931112073
275,276,"Abadejo, file, congelado, grelhado",100,g,5,27.6104166666667,g,1.30233333333333,g,,,305.093666666667,mg,129.643525902867,542.428512377597
276,277,"Atum, conserva em oleo",100,g,5,26.1875,g,5.99666666666667,g,,,362.1465,mg,165.910560578903,694.169785462128
277,278,"Atum, fresco, cru",100,g,5,25.68,g,0.87,g,,,30.3033333333333,mg,117.501,491.624184
278,279,"Bacalhau, salgado, cru",100,g,5,29.0366666666667,g,1.32,g,,,13585.0566666667,mg,135.892966666667,568.576172533333
279,280,"Bacalhau, salgado, refogado",100,g,5,23.9791666666667,g,3.60666666666667,g,1.22416666666668,g,1256.27666666667,mg,139.66070105354,584.340373208011
280,281,"Cacao, posta, com farinha de trigo, frita",100,g,5,24.9520833333333,g,9.95433333333333,g,3.10058333333333,g,160.031666666667,mg,208.332743725975,871.664199749481
281,282,"Cacao, posta, cozida",100,g,5,25.5895833333333,g,0.748,g,,,114.905333333333,mg,116.014480687658,485.404587197161
282,283,"Cacao, posta, crua",100,g,5,17.8541666666667,g,0.786666666666667,g,,,176.023666666667,mg,83.3330250195662,348.665376681865
283,284,"Camarao, Rio Grande, grande, cozido",100,g,5,18.9666666666667,g,1.00066666666667,g,,,366.552,mg,90.0136800963084,376.617237522954
284,285,"Camarao, Rio Grande, grande, cru",100,g,5,9.99166666666667,g,0.501,g,,,201.128,mg,47.1834367054304,197.415499175521
285,286,"Camarao, Sete Barbas, sem cabeca, com casca, frito",100,g,5,18.3875,g,15.6203333333333,g,2.87983333333333,g,99.055,mg,231.246153850873,967.533907712054
286,287,"Caranguejo, cozido",100,g,5,18.4791666666667,g,0.423,g,,,360.105666666667,mg,82.7215015078386,346.106762308797
287,288,"Corimba, cru",100,g,5,17.3666666666667,g,5.98666666666667,g,-0.026666666666666,g,47.01,mg,128.1554,536.2021936
288,289,"Corimbata, assado",100,g,5,19.8979166666667,g,19.5663333333333,g,,,40.426,mg,261.452439410567,1093.91700649381
289,290,"Corimbata, cozido",100,g,5,20.13125,g,16.933,g,,,37.1656666666667,mg,238.696104867339,998.704502764947
290,291,"Corvina de agua doce, crua",100,g,5,18.9166666666667,g,2.24333333333333,g,,,45.09,mg,101.009033333333,422.621795466667
291,292,"Corvina do mar, crua",100,g,5,18.57,g,1.58333333333333,g,,,67.97,mg,94,391.520170933333
292,293,"Corvina grande, assada",100,g,5,26.7666666666667,g,3.57366666666667,g,,,85.352,mg,146.528141125361,613.073742468511
293,294,"Corvina grande, cozida",100,g,5,23.4375,g,2.56266666666667,g,,,68.39,mg,100.078124552965,418.726873129606
294,295,"Dourada de agua doce, fresca",100,g,5,18.8104166666667,g,5.64166666666667,g,,,40.2976666666667,mg,131.20831472377,548.975588804253
295,296,"Lambari, congelado, cru",100,g,5,16.8125,g,6.54666666666667,g,,,47.92,mg,130.840311009487,547.435861263692
296,297,"Lambari, congelado, frito",100,g,5,28.425,g,22.782,g,,,64.5516666666667,mg,326.868399886608,1367.61738512557
297,298,"Lambari, fresco,cru",100,g,5,15.6520833333333,g,9.39733333333333,g,,,41.1093333333333,mg,151.598346503218,634.287481769464
298,299,"Manjuba, com farinha de trigo, frita",100,g,5,23.45,g,22.593,g,10.2403333333333,g,36.52,mg,343.550458723068,1437.41511929732
299,300,"Manjuba, frita",100,g,5,30.1395833333333,g,24.46,g,,,40.61,mg,349.325231455366,1461.57676840925
300,301,"Merluza, file, assado",100,g,5,26.6041666666667,g,0.921333333333333,g,,,119.948666666667,mg,121.910218333333,510.072353506667
301,302,"Merluza, file, cru",100,g,5,16.6066666666667,g,2.02,g,,,79.5033333333333,mg,89.1308666666667,372.923546133333
302,303,"Merluza, file, frito",100,g,5,26.9291666666667,g,8.49666666666667,g,,,89.9613333333333,mg,191.627478375832,801.769369524482
303,304,"Pescada, branca, crua",100,g,5,16.2633333333333,g,4.59333333333333,g,,,76.1666666666667,mg,110.8763,463.9064392
304,305,"Pescada, branca, frita",100,g,5,27.35625,g,11.777,g,,,107.232666666667,mg,223.039732369304,933.198240233167
305,306,"Pescada, file, com farinha de trigo, frito",100,g,5,21.4354166666667,g,19.115,g,5.03325000000001,g,90.5066666666667,mg,283.425214431961,1185.85109718333
306,307,"Pescada, file, cru",100,g,5,16.65,g,4.00333333333333,g,,,77.4966666666667,mg,107.205566666667,448.548090933333
307,308,"Pescada, file, frito",100,g,5,28.5875,g,3.57,g,,,114.905333333333,mg,154.270025,645.4657846
308,309,"Pescada, file, molho escabeche",100,g,5,11.75,g,8.024,g,5.01533333333334,g,51.2876666666667,mg,141.958322875023,593.953622909096
309,310,"Pescadinha, crua",100,g,5,15.4791666666667,g,1.14333333333333,g,,,120.338666666667,mg,76.4089083333333,319.694872466667
310,311,"Pintado, assado",100,g,5,36.45,g,3.982,g,,,80.9526666666667,mg,191.559141127586,801.483446477821
311,312,"Pintado, cru",100,g,5,18.5566666666667,g,1.31333333333333,g,,,43.3366666666667,mg,91.0832333333333,381.092248266667
312,313,"Pintado, grelhado",100,g,5,30.7958333333333,g,2.294,g,,,53.0886666666667,mg,152.190088333333,636.763329586667
313,314,"Porquinho, cru",100,g,5,20.49,g,0.613333333333333,g,,,66.73,mg,93.0245666666667,389.214786933333
314,315,"Salmao, file, com pele, fresco,  grelhado",100,g,5,23.91875,g,14.0353333333333,g,,,85.135,mg,228.731775135318,957.013747166172
315,316,"Salmao, sem pele, fresco, cru",100,g,5,19.2520833333333,g,9.709,g,,,64.2416666666667,mg,169.781579910556,710.366130345768
316,317,"Salmao, sem pele, fresco, grelhado",100,g,5,26.1416666666667,g,14.5323333333333,g,,,95.8113333333333,mg,242.706569487095,1015.48428673401
317,318,"Sardinha, assada",100,g,5,32.1791666666667,g,2.98733333333333,g,,,74.4683333333333,mg,164.350788333333,687.643698386667
318,319,"Sardinha, conserva em oleo",100,g,5,15.9395833333333,g,24.0486666666667,g,,,665.840333333333,mg,284.981004871249,1192.36052438131
319,320,"Sardinha, frita",100,g,5,33.3833333333333,g,12.6933333333333,g,,,60.099,mg,257.0407,1075.4582888
320,321,"Sardinha, inteira, crua",100,g,5,21.0766666666667,g,2.65,g,,,60.3866666666667,mg,113.900366666667,476.559134133333
321,322,"Tucunare, file, congelado, cru",100,g,5,17.9583333333333,g,1.22,g,-0.045000000000008,g,56.5543333333333,mg,87.686483549277,366.880247170175
322,323,Apresuntado,100,g,6,13.45,g,6.69066666666667,g,2.862,g,942.933,mg,128.857255812009,539.138758317446
323,324,"Caldo de carne, tablete",100,g,6,7.82,g,16.57,g,15.0533333333333,g,22179.6666666667,mg,240.623333333333,1006.76802666667
324,325,"Caldo de galinha, tablete",100,g,6,6.27916666666667,g,20.4163333333333,g,10.6455,g,22299.9003333333,mg,251.445666666667,1052.04866933333
325,326,"Carne, bovina, acem, moido, cozido",100,g,6,26.6866666666667,g,10.9166666666667,g,,,52.3566666666667,mg,212.4204,888.7669536
326,327,"Carne, bovina, acem, moido, cru",100,g,6,19.42,g,5.94666666666667,g,,,48.6133333333333,mg,136.562333333333,571.376802666667
327,328,"Carne, bovina, acem, sem gordura, cozido",100,g,6,27.27,g,10.8833333333333,g,,,56.1733333333333,mg,214.610566666667,897.930610933333
328,329,"Carne, bovina, acem, sem gordura, cru",100,g,6,20.8166666666667,g,6.11333333333333,g,,,49.8466666666667,mg,144.029433333333,602.619149066667
329,330,"Carne, bovina, almondegas, cruas",100,g,6,12.3125,g,11.2033333333333,g,9.79416666666666,g,621.251666666667,mg,189.256666666667,791.849893333333
330,331,"Carne, bovina, almondegas, fritas",100,g,6,18.15625,g,15.7823333333333,g,14.28675,g,1030.25566666667,mg,271.813,1137.265592
331,332,"Carne, bovina, bucho, cozido",100,g,6,21.64,g,4.50333333333333,g,,,38.2033333333333,mg,133.022866666667,556.567674133333
332,333,"Carne, bovina, bucho, cru",100,g,6,20.53,g,5.50333333333333,g,,,45.0033333333333,mg,137.303166666667,574.476449333333
333,334,"Carne, bovina, capa de contra-file, com gordura, crua",100,g,6,19.1966666666667,g,14.96,g,,,57.54,mg,216.908966666667,907.547116533334
334,335,"Carne, bovina, capa de contra-file, com gordura, grelhada",100,g,6,30.6866666666667,g,20.03,g,,,80.5133333333333,mg,311.702666666667,1304.16395733333
335,336,"Carne, bovina, capa de contra-file, sem gordura, crua",100,g,6,21.54,g,4.33333333333333,g,,,79.1733333333333,mg,131.062466666667,548.365360533333
336,337,"Carne, bovina, capa de contra-file, sem gordura, grelhada",100,g,6,35.0633333333333,g,9.95,g,-0.006666666666675,g,82.75,mg,239.443633333333,1001.83216186667
337,338,"Carne, bovina, charque, cozido",100,g,6,36.3645833333333,g,11.9183333333333,g,,,1442.701,mg,262.780142262181,1099.47211522496
338,339,"Carne, bovina, charque, cru",100,g,6,22.7145833333333,g,16.837,g,,,5875.029,mg,248.861018107454,1041.23449976159
339,340,"Carne, bovina, contra-file, a milanesa",100,g,6,20.6125,g,23.998,g,12.1745,g,77.0933333333333,mg,351.592659198999,1471.06368608861
340,341,"Carne, bovina, contra-file de costela, cru",100,g,6,19.8,g,13.07,g,,,38.5233333333333,mg,202.4374,846.9980816
341,342,"Carne, bovina, contra-file de costela, grelhado",100,g,6,29.88,g,16.3333333333333,g,,,50.8833333333333,mg,274.914266666667,1150.24129173333
342,343,"Carne, bovina, contra-file, com gordura, cru",100,g,6,21.15,g,12.81,g,,,44.133,mg,205.8567,861.3044328
343,344,"Carne, bovina, contra-file, com gordura, grelhado",100,g,6,32.3966666666667,g,15.49,g,,,57.0666666666667,mg,278.053566666667,1163.37612293333
344,345,"Carne, bovina, contra-file, sem gordura, cru",100,g,6,23.9966666666667,g,6.00333333333333,g,,,52.8933333333333,mg,156.615833333333,655.280646666667
345,346,"Carne, bovina, contra-file, sem gordura, grelhado",100,g,6,35.8833333333333,g,4.48666666666667,g,,,57.51,mg,193.691566666667,810.405514933333
346,347,"Carne, bovina, costela, assada",100,g,6,28.8066666666667,g,27.72,g,,,91.86,mg,373.038866666667,1560.79461813333
347,348,"Carne, bovina, costela, crua",100,g,6,16.7066666666667,g,31.75,g,,,69.9966666666667,mg,357.722466666667,1496.71080053333
348,349,"Carne, bovina, coxao duro, sem gordura, cozido",100,g,6,31.88,g,8.92333333333333,g,,,41.1,mg,216.616066666667,906.321622933333
349,350,"Carne, bovina, coxao duro, sem gordura, cru",100,g,6,21.5133333333333,g,6.22,g,,,48.5466666666667,mg,147.966333333333,619.091138666667
350,351,"Carne, bovina, coxao mole, sem gordura, cozido",100,g,6,32.3833333333333,g,8.91333333333333,g,,,43.5033333333333,mg,218.6751,914.9366184
351,352,"Carne, bovina, coxao mole, sem gordura, cru",100,g,6,21.23,g,8.69333333333333,g,,,60.5333333333333,mg,169.065966666667,707.372004533333
352,353,"Carne, bovina, cupim, assado",100,g,6,28.63125,g,23.0426666666667,g,,,71.5866666666667,mg,330.100290833333,1381.13961684667
353,354,"Carne, bovina, cupim, cru",100,g,6,19.5366666666667,g,15.2966666666667,g,,,46.86,mg,221.3975,926.32714
354,355,"Carne, bovina, figado, cru",100,g,6,20.7133333333333,g,5.35666666666667,g,1.10666666666667,g,75.92,mg,141.045866666667,590.135906133333
355,356,"Carne, bovina, figado, grelhado",100,g,6,29.86,g,9.01,g,4.2,g,82.19,mg,225.0264,941.5104576
356,357,"Carne, bovina, file mingnon, sem gordura, cru",100,g,6,21.6,g,5.61333333333333,g,,,48.86,mg,142.864266666667,597.744091733333
357,358,"Carne, bovina, file mingnon, sem gordura, grelhado",100,g,6,32.8,g,8.83,g,,,57.9066666666667,mg,219.7026,919.2356784
358,359,"Carne, bovina, flanco, sem gordura, cozido",100,g,6,29.3766666666667,g,7.77,g,,,41.68,mg,195.575366666667,818.287334133334
359,360,"Carne, bovina, flanco, sem gordura, cru",100,g,6,19.9966666666667,g,6.21666666666667,g,,,54.2233333333333,mg,141.4601,591.8690584
360,361,"Carne, bovina, fraldinha, com gordura, cozida",100,g,6,24.24,g,26.0466666666667,g,,,38.7833333333333,mg,338.445733333333,1416.05694826667
361,362,"Carne, bovina, fraldinha, com gordura, crua",100,g,6,17.5833333333333,g,16.1466666666667,g,,,51.2,mg,220.723766666667,923.508239733333
362,363,"Carne, bovina, lagarto, cozido",100,g,6,32.8633333333333,g,9.10666666666667,g,,,47.5433333333333,mg,222.468566666667,930.808482933333
363,364,"Carne, bovina, lagarto, cru",100,g,6,20.5433333333333,g,5.22666666666667,g,,,53.5566666666667,mg,134.864566666667,564.273346933333
364,365,"Carne, bovina, lingua, cozida",100,g,6,21.3666666666667,g,24.7966666666667,g,,,59.0633333333333,mg,314.9016,1317.5482944
365,366,"Carne, bovina, lingua, crua",100,g,6,17.09,g,15.7733333333333,g,,,73.05,mg,215.249766666667,900.605023733333
366,367,"Carne, bovina, maminha, crua",100,g,6,20.9333333333333,g,7.02666666666667,g,,,37.4166666666667,mg,152.765866666667,639.172386133333
367,368,"Carne, bovina, maminha, grelhada",100,g,6,30.7354166666667,g,2.42233333333333,g,,,58.12,mg,153.089675833333,640.527203686667
368,369,"Carne, bovina, miolo de alcatra, sem gordura, cru",100,g,6,21.61,g,7.82666666666667,g,,,43.0533333333333,mg,162.871233333333,681.453240266667
369,370,"Carne, bovina, miolo de alcatra, sem gordura, grelhado",100,g,6,31.93,g,11.6433333333333,g,,,51.62,mg,241.363966666667,1009.86683653333
370,371,"Carne, bovina, musculo, sem gordura, cozido",100,g,6,31.2333333333333,g,6.7,g,,,61.79,mg,193.800333333333,810.860594666667
371,372,"Carne, bovina, musculo, sem gordura, cru",100,g,6,21.56,g,5.49,g,,,66.08,mg,141.581,592.374904
372,373,"Carne, bovina, paleta, com gordura, crua",100,g,6,21.41,g,7.46,g,,,64.9,mg,158.7099,664.0422216
373,374,"Carne, bovina, paleta, sem gordura, cozida",100,g,6,29.72,g,7.4,g,,,57.6233333333333,mg,193.6524,810.2416416
374,375,"Carne, bovina, paleta, sem gordura, crua",100,g,6,21.03,g,5.67,g,,,65.86,mg,140.9415,589.699236
375,376,"Carne, bovina, patinho, sem gordura, cru",100,g,6,21.7233333333333,g,4.51333333333333,g,,,49.13,mg,133.4689,558.4338776
376,377,"Carne, bovina, patinho, sem gordura, grelhado",100,g,6,35.9,g,7.31333333333333,g,,,60.2933333333333,mg,219.259266666667,917.380771733333
377,378,"Carne, bovina, peito, sem gordura, cozido",100,g,6,22.2466666666667,g,26.9933333333333,g,,,55.7066666666667,mg,338.473133333333,1416.17158986667
378,379,"Carne, bovina, peito, sem gordura, cru",100,g,6,17.5566666666667,g,20.4333333333333,g,,,63.7633333333333,mg,259.275633333333,1084.80924986667
379,380,"Carne, bovina, picanha, com gordura, crua",100,g,6,18.8233333333333,g,14.69,g,,,37.6233333333333,mg,212.879433333333,890.687549066667
380,381,"Carne, bovina, picanha, com gordura, grelhada",100,g,6,26.4208333333333,g,19.5066666666667,g,,,60,mg,288.767091666667,1208.20151153333
381,382,"Carne, bovina, picanha, sem gordura, crua",100,g,6,21.25,g,4.74333333333333,g,,,61.1466666666667,mg,133.522366666667,558.657582133333
382,383,"Carne, bovina, picanha, sem gordura, grelhada",100,g,6,31.9066666666667,g,11.3333333333333,g,,,60.6566666666667,mg,238.468133333333,997.750669866667
383,384,"Carne, bovina, seca, cozida",100,g,6,26.93125,g,21.9293333333333,g,,,1943.17933333333,mg,312.799033691446,1308.75115696501
384,385,"Carne, bovina, seca, crua",100,g,6,19.6583333333333,g,25.3666666666667,g,,,4439.55,mg,312.748427903652,1308.53942234888
385,386,"Coxinha de frango, frita",100,g,6,9.61041666666667,g,11.836,g,34.5205833333333,g,532.129333333333,mg,283.048,1184.272832
386,387,"Croquete, de carne, cru",100,g,6,12.04375,g,15.561,g,13.9495833333333,g,710.637333333333,mg,245.771925297141,1028.30973544324
387,388,"Croquete, de carne, frito",100,g,6,16.8625,g,22.6733333333333,g,18.1461666666667,g,916.411,mg,346.742014647404,1450.76858928474
388,389,"Empada de frango, pre-cozida, assada",100,g,6,6.94375,g,15.605,g,47.4929166666667,g,524.933333333333,mg,358.191666666667,1498.67393333333
389,390,"Empada, de frango, pre-cozida",100,g,6,7.34375,g,22.8876666666667,g,35.5289166666667,g,770.725666666667,mg,377.479666666667,1579.37492533333
390,391,"Frango, asa, com pele, crua",100,g,6,18.1,g,15.0666666666667,g,,,96.3,mg,213.188333333333,891.979986666667
391,392,"Frango, caipira, inteiro, com pele, cozido",100,g,6,23.8833333333333,g,15.6156666666667,g,,,56.092,mg,242.889326666667,1016.24894277333
392,393,"Frango, caipira, inteiro, sem pele, cozido",100,g,6,29.575,g,7.70233333333333,g,,,53.2433333333333,mg,195.760296666667,819.061081253333
393,394,"Frango, coracao, cru",100,g,6,12.5833333333333,g,18.6,g,,,95.06,mg,221.502833333333,926.767854666667
394,395,"Frango, coracao, grelhado",100,g,6,22.4395833333333,g,12.096,g,0.607416666666658,g,128.242,mg,207.273643333333,867.232923706666
395,396,"Frango, coxa, com pele, assada",100,g,6,28.4916666666667,g,10.3613333333333,g,0.05833333333334,g,94.8423333333333,mg,215.11864753294,900.056421277821
396,397,"Frango, coxa, com pele, crua",100,g,6,17.0933333333333,g,9.81,g,,,94.9566666666667,mg,161.474733333333,675.610284266667
397,398,"Frango, coxa, sem pele, cozida",100,g,6,26.8583333333333,g,5.84733333333333,g,,,64.3393333333333,mg,167.428032164415,700.518886575911
398,399,"Frango, coxa, sem pele, crua",100,g,6,17.8133333333333,g,4.85666666666667,g,0.019999999999997,g,98.3666666666667,mg,119.947466666667,501.860200533333
399,400,"Frango, figado, cru",100,g,6,17.5866666666667,g,3.49,g,-0.023333333333338,g,82.4333333333333,mg,106.484566666667,445.531426933333
400,401,"Frango, file, a milanesa",100,g,6,28.4604166666667,g,7.79066666666667,g,7.51291666666666,g,122.332333333333,mg,220.87278,924.13171152
401,402,"Frango, inteiro, com pele, cru",100,g,6,16.4433333333333,g,17.3066666666667,g,,,62.8766666666667,mg,226.319166666667,946.919393333333
402,403,"Frango, inteiro, sem pele, assado",100,g,6,28.025,g,7.50233333333333,g,,,70.2713333333333,mg,187.337796666667,783.821341253334
403,404,"Frango, inteiro, sem pele, cozido",100,g,6,24.9854166666667,g,7.06233333333333,g,,,50.8903333333333,mg,170.389975833333,712.911658886667
404,405,"Frango, inteiro, sem pele, cru",100,g,6,20.5866666666667,g,4.56666666666667,g,,,72.96,mg,129.0964,540.1393376
405,406,"Frango, peito, com pele, assado",100,g,6,33.4166666666667,g,7.649,g,,,55.7026666666667,mg,211.683149530729,885.682297636569
406,407,"Frango, peito, com pele, cru",100,g,6,20.78,g,6.73333333333333,g,,,62.3133333333333,mg,149.465266666667,625.362675733333
407,408,"Frango, peito, sem pele, cozido",100,g,6,31.46875,g,3.16,g,,,36.1683333333333,mg,162.874763346314,681.46800984098
408,409,"Frango, peito, sem pele, cru",100,g,6,21.5266666666667,g,3.02,g,,,56.14,mg,119.159266666667,498.562371733333
409,410,"Frango, peito, sem pele, grelhado",100,g,6,32.0333333333333,g,2.48366666666667,g,,,50.2493333333333,mg,159.185007192612,666.030070093888
410,411,"Frango, sobrecoxa, com pele, assada",100,g,6,28.7020833333333,g,15.1936666666667,g,,,95.9353333333334,mg,259.604769166667,1086.18635419333
411,412,"Frango, sobrecoxa, com pele, crua",100,g,6,15.46,g,20.9,g,,,68.2666666666667,mg,254.5322,1064.9627248
412,413,"Frango, sobrecoxa, sem pele, assada",100,g,6,29.175,g,12.0073333333333,g,,,106.079666666667,mg,232.883396666667,974.384131653333
413,414,"Frango, sobrecoxa, sem pele, crua",100,g,6,17.57,g,9.62,g,,,79.7466666666667,mg,161.7963,676.9557192
414,415,"Hamburguer, bovino, cru",100,g,6,13.15625,g,16.1773333333333,g,4.15375,g,869.459,mg,214.836,898.873824
415,416,"Hamburguer, bovino, frito",100,g,6,19.9729166666667,g,17.0123333333333,g,6.32008333333333,g,1251.801,mg,258.283,1080.656072
416,417,"Hamburguer, bovino, grelhado",100,g,6,13.15625,g,12.4303333333333,g,11.3334166666667,g,1090.33433333333,mg,209.831666666667,877.935693333334
417,418,"Lingica, frango, crua",100,g,6,14.2395833333333,g,17.4396666666667,g,,,1125.81133333333,mg,218.108814166667,912.567278473333
418,419,"Lingica, frango, frita",100,g,6,18.3166666666667,g,18.542,g,,,1373.89366666667,mg,245.461006666667,1027.00885189333
419,420,"Lingica, frango, grelhada",100,g,6,18.1895833333333,g,18.4023333333333,g,,,1351.49366666667,mg,243.6585675,1019.46744642
420,421,"Lingica, porco, crua",100,g,6,16.0645833333333,g,17.584,g,,,1175.72233333333,mg,227.203450833333,950.619238286667
421,422,"Lingica, porco, frita",100,g,6,20.4520833333333,g,21.3096666666667,g,,,1431.59366666667,mg,279.543589166667,1169.61037707333
422,423,"Lingica, porco, grelhada",100,g,6,23.16875,g,21.9023333333333,g,,,1455.86033333333,mg,296.489609166667,1240.51252475333
423,424,Mortadela,100,g,6,11.9520833333333,g,21.6493333333333,g,5.81591666666666,g,1212.167,mg,268.819989016732,1124.74283404601
424,425,"Peru, congelado, assado",100,g,6,26.2020833333333,g,5.675,g,,,627.875666666667,mg,163.071397931377,682.290728944882
425,426,"Peru, congelado, cru",100,g,6,18.0833333333333,g,1.83,g,,,710.683,mg,93.7224338261286,392.134663128522
426,427,"Porco, bisteca, crua",100,g,6,21.5,g,8.01666666666667,g,,,54.29,mg,164.115336592992,686.658568305079
427,428,"Porco, bisteca, frita",100,g,6,33.7479166666667,g,18.5216666666667,g,,,63.027,mg,311.169045334856,1301.93128568104
428,429,"Porco, bisteca, grelhada",100,g,6,28.8895833333333,g,17.3753333333333,g,,,51.445,mg,280.084034902771,1171.8716020332
429,430,"Porco, costela, assada",100,g,6,30.2229166666667,g,30.279,g,,,62.6793333333333,mg,402.168447450837,1682.6727841343
430,431,"Porco, costela, crua",100,g,6,18,g,19.8166666666667,g,,,87.9816666666667,mg,255.606342061361,1069.45693518473
431,432,"Porco, lombo, assado",100,g,6,35.725,g,6.39566666666667,g,,,38.924,mg,210.234665579637,879.621840785201
432,433,"Porco, lombo, cru",100,g,6,22.6041666666667,g,8.77,g,,,53.0676666666667,mg,175.625195250114,734.815816926476
433,434,"Porco, orelha, salgada, crua",100,g,6,18.5208333333333,g,19.89,g,,,615.602,mg,258.491758333333,1081.52951686667
434,435,"Porco, pernil, assado",100,g,6,32.1333333333333,g,13.8636666666667,g,,,62.4063333333333,mg,262.259606666667,1097.29419429333
435,436,"Porco, pernil, cru",100,g,6,20.125,g,11.1,g,,,101.893333333333,mg,186.05575,778.457258
436,437,"Porco, rabo, salgado, cru",100,g,6,15.58125,g,34.466,g,,,1157.66533333333,mg,377.4152575,1579.10543738
437,438,"Presunto, com capa de gordura",100,g,6,14.3708333333333,g,6.77133333333333,g,1.3975,g,1020.77166666667,mg,127.849212665637,534.921105793027
438,439,"Presunto, sem capa de gordura",100,g,6,14.2916666666667,g,2.70666666666667,g,2.14566666666667,g,1039.185,mg,93.7432807208697,392.221886536119
439,440,"Quibe, assado",100,g,6,14.59375,g,2.67633333333333,g,12.86125,g,39.893,mg,136.228876141588,569.981617776404
440,441,"Quibe, cru",100,g,6,12.3541666666667,g,1.66766666666667,g,10.7741666666667,g,38.766,mg,109.490669294755,458.108960329254
441,442,"Quibe, frito",100,g,6,14.8895833333333,g,15.799,g,12.3374166666667,g,835.825,mg,253.83130886964,1062.03019631057
442,443,Salame,100,g,6,25.8104166666667,g,30.6413333333333,g,2.90625000000001,g,1574.169,mg,397.842506534934,1664.57304734216
443,444,"Toucinho, cru",100,g,6,11.4791666666667,g,60.2566666666667,g,,,49.5866666666667,mg,592.531175,2479.1504362
444,445,"Toucinho, frito",100,g,6,27.2833333333333,g,64.3086666666667,g,,,124.850333333333,mg,696.564006666667,2914.42380389333
445,446,"Bebida lactea, pessego",100,g,7,2.13333333333333,g,1.90666666666667,g,7.57000000000001,g,46.263,mg,55.1648333333333,230.809662666667
446,447,Creme de Leite,100,g,7,1.50780669371287,g,22.4793333333333,g,4.50952663962046,g,51.724,mg,221.483541275133,926.687136695157
447,448,"Iogurte, natural",100,g,7,4.06333333333333,g,3.04,g,1.91666666666666,g,51.6163333333333,mg,51.4895333333333,215.432207466666
448,449,"Iogurte, natural, desnatado",100,g,7,3.83438006877899,g,0.315666666666667,g,5.77395333333333,g,59.6446666666667,mg,41.4927112815583,173.60550400204
449,450,"Iogurte, sabor abacaxi",100,g,7,*,g,*,g,*,g,*,mg,*,*
450,451,"Iogurte, sabor morango",100,g,7,2.71,g,2.33,g,9.69333333333334,g,37.663,mg,69.5656,291.0624704
451,452,"Iogurte, sabor pessego",100,g,7,2.53,g,2.33666666666667,g,9.43333333333334,g,36.9636666666667,mg,67.8494,283.8818896
452,453,"Leite, condensado",100,g,7,7.67,g,6.74,g,56.9966666666667,g,93.8033333333333,mg,312.5726,1307.8037584
453,454,"Leite, de cabra",100,g,7,3.0709067217509,g,3.75433333333333,g,5.24609333333333,g,73.947,mg,66.4157418865433,277.883464053297
454,455,"Leite, de vaca, achocolatado",100,g,7,2.09902003765106,g,2.169,g,14.1583133333333,g,71.7416666666667,mg,82.8209962719936,346.523048402021
455,456,"Leite, de vaca, desnatado, po",100,g,7,34.69,g,0.933333333333333,g,53.0433333333333,g,431.673333333333,mg,361.608,1512.967872
456,457,"Leite, de vaca, desnatado, UHT",100,g,7,*,g,*,g,*,g,51.14,mg,*,*
457,458,"Leite, de vaca, integral",100,g,7,*,g,*,g,*,g,63.76,mg,*,*
458,459,"Leite, de vaca, integral, po",100,g,7,25.42,g,26.9033333333333,g,39.18,g,323.203333333333,mg,496.6503,2077.9848552
459,460,"Leite, fermentado",100,g,7,1.89486,g,0.099,g,15.6744733333333,g,33.4306666666667,mg,69.621474,291.296247216
460,461,"Queijo, minas, frescal",100,g,7,17.41102,g,20.1806666666667,g,3.24031333333333,g,31.2263333333333,mg,264.273128,1105.718767552
461,462,"Queijo, minas, meia cura",100,g,7,21.2113737138112,g,24.61,g,3.57295961952209,g,501.165666666667,mg,320.72181773326,1341.90008539596
462,463,"Queijo, mozarela",100,g,7,22.6490004062653,g,25.183,g,3.04933292706807,g,581.357,mg,329.870718420887,1380.17908587299
463,464,"Queijo, parmesao",100,g,7,35.5536133333333,g,33.5293333333333,g,1.66072,g,1844.081,mg,452.963755333333,1895.20035231467
464,465,"Queijo, pasteurizado",100,g,7,9.35733333333333,g,27.4353333333333,g,5.67633333333333,g,780.426,mg,303.079803333333,1268.08589714667
465,466,"Queijo, petit suisse, morango",100,g,7,5.78666,g,2.83833333333333,g,18.4620066666667,g,412.469,mg,121.105954,506.707311536
466,467,"Queijo, prato",100,g,7,22.6617604064941,g,29.1063333333333,g,1.87857292683919,g,579.774,mg,359.880462405055,1505.73985470275
467,468,Maria mole,100,g,7,9.62954666666667,g,23.441,g,2.43245333333333,g,557.924666666667,mg,256.578148666667,1073.52297402133
468,469,"Queijo, ricota",100,g,7,12.6005,g,8.10866666666667,g,3.78616666666667,g,282.579,mg,139.73178,584.63776752
469,470,"Bebida isotonica, sabores variados",100,g,8,,,,,6.40333333333334,g,44.0833333333333,mg,25.6133333333333,107.166186666667
470,471,"Cafe, infusao 10%",100,g,8,0.7125,g,0.069333333333333,g,1.47866666666667,g,1.02733333333333,mg,9.07086859961352,37.952514220783
471,472,"Cana, aguardente 1",100,g,8,,,,,,,3.14566666666667,mg,215.6616,902.3281344
472,473,"Cana, caldo de",100,g,8,Tr,g,Tr,g,18.151,g,Tr,mg,65.3435982689857,273.397615157436
473,474,"Cerveja, pilsen 2",100,g,8,0.5625,g,Tr,g,3.3175,g,4.23033333333333,mg,40.7201885506287,170.37326889583
474,475,"Cha, erva-doce, infusao 5%",100,g,8,,,,,0.391333333333321,g,0.625333333333333,mg,1.39705997387564,5.84529893069567
475,476,"Cha, mate, infusao 5%",100,g,8,,,0.052,g,0.642999999999993,g,Tr,mg,2.73074995112414,11.4254577955034
476,477,"Cha, preto, infusao 5%",100,g,8,,,,,0.629666666666665,g,Tr,mg,2.24790995796521,9.40525526412644
477,478,"Coco, agua de",100,g,8,,,,,5.28466666666667,g,1.78233333333333,mg,21.5085942405065,89.9919583022792
478,479,"Refrigerante, tipo agua tonica",100,g,8,,,,,7.95333333333334,g,8.29033333333333,mg,30.7794,128.7810096
479,480,"Refrigerante, tipo cola",100,g,8,,,,,8.66000000000001,g,7.11933333333333,mg,33.5142,140.2234128
480,481,"Refrigerante, tipo guarana",100,g,8,,,,,10,g,9.00966666666667,mg,38.7,161.9208
481,482,"Refrigerante, tipo laranja",100,g,8,,,,,11.79,g,9.27166666666667,mg,45.6273,190.9046232
482,483,"Refrigerante, tipo limao",100,g,8,,,,,10.2633333333333,g,8.80333333333334,mg,39.7191,166.1847144
483,484,"Omelete, de queijo",100,g,9,15.5708333333333,g,22.0076666666667,g,0.437166666666668,g,216.051,mg,268.006772182425,1121.34033481127
484,485,"Ovo, de codorna, inteiro, cru",100,g,9,13.6875,g,12.68,g,0.772499999999999,g,128.987,mg,176.8939,740.1240776
485,486,"Ovo, de galinha, clara, cozida/10minutos",100,g,9,13.4479166666667,g,0.089,g,,,180.537666666667,mg,59.4356966666667,248.678954853333
486,487,"Ovo, de galinha, gema, cozida/10minutos",100,g,9,15.9,g,30.777,g,1.56000000000001,g,44.9086666666667,mg,352.67334,1475.58525456
487,488,"Ovo, de galinha, inteiro, cozido/10minutos",100,g,9,13.29375,g,9.47633333333333,g,0.614916666666674,g,145.901,mg,145.70017,609.60951128
488,489,"Ovo, de galinha, inteiro, cru",100,g,9,13.03,g,8.9,g,1.63666666666667,g,167.91,mg,143.111733333333,598.779492266667
489,490,"Ovo, de galinha, inteiro, frito",100,g,9,15.6166666666667,g,18.5926666666667,g,1.19366666666666,g,166.112333333333,mg,240.187224009117,1004.94334525414
490,491,"Achocolatado, po",100,g,10,4.20333333333333,g,2.16666666666667,g,91.1766666666667,g,64.7866666666667,mg,401.02,1677.86768
491,492,"Acucar, cristal",100,g,10,0.32,g,Tr,g,99.61,g,Tr,mg,386.845724,1619.208
492,493,"Acucar, mascavo",100,g,10,0.758333333333333,g,0.092,g,94.45,g,25.204,mg,368.554822524389,1542.03337744204
493,494,"Acucar, refinado",100,g,10,0.32,g,Tr,g,99.54,g,12.16,mg,386.574824,1617.429063616
494,495,"Chocolate, ao leite",100,g,10,7.22,g,30.2666666666667,g,59.5766666666667,g,77.1,mg,539.586666666667,2257.63061333333
495,496,"Chocolate, ao leite, com castanha do Para",100,g,10,7.4125,g,34.191,g,55.3768333333333,g,64.05,mg,558.876333333333,2338.33857866667
496,497,"Chocolate, ao leite, dietetico",100,g,10,6.89791666666667,g,33.771,g,56.3234166666667,g,84.7083333333333,mg,556.824333333333,2329.75301066667
497,498,"Chocolate, meio amargo",100,g,10,4.86244343217214,g,29.8566666666667,g,62.4228899011612,g,8.867,mg,474.917769973274,1987.05594956818
498,499,Cocada branca,100,g,10,1.12183337370555,g,13.587,g,81.3831666262945,g,28.9923333333333,mg,448.84545242331,1877.96937293913
499,500,"Doce, de abobora, cremoso",100,g,10,0.916666666666667,g,0.206666666666667,g,54.6133333333333,g,Tr,mg,198.936063049634,832.34848779967
500,501,"Doce, de leite, cremoso",100,g,10,5.47829343159994,g,5.993,g,59.4933732350667,g,120.088666666667,mg,306.310130231059,1281.60158488675
501,502,"Geleia, mocoto, natural",100,g,10,2.125,g,0.073333333333333,g,24.2316666666667,g,42.6803333333333,mg,106.086666666667,443.866613333333
502,503,Glicose de milho,100,g,10,,,,,79.38,g,58.9296666666667,mg,292.118405299187,1222.2234077718
503,504,Maria mole,100,g,10,3.81285013103485,g,0.19,g,73.5534832022985,g,15.3093333333333,mg,301.235887537,1260.37095345481
504,505,"Maria mole, coco queimado",100,g,10,3.93495013523102,g,0.089333333333333,g,75.0593831981023,g,14.2873333333333,mg,306.631896997019,1282.94785703553
505,506,Marmelada,100,g,10,0.4,g,0.137333333333333,g,70.7633333333333,g,10.8836666666667,mg,257.241473193804,1076.29832384288
506,507,"Mel, de abelha",100,g,10,,,,,84.0333333333333,g,6.04,mg,309.242666666667,1293.87131733333
507,508,Melado,100,g,10,,,,,76.6166666666667,g,4.01,mg,296.506491231918,1240.58315931435
508,509,Quindim,100,g,10,4.7375,g,24.425,g,46.2988333333333,g,27.366,mg,411.348721570849,1721.08305105243
509,510,Rapadura,100,g,10,0.989583333333333,g,0.070666666666667,g,90.7924166666667,g,21.7106666666667,mg,351.958122101545,1472.59278287287
510,511,"Cafe, po, torrado",100,g,11,14.7,g,11.9466666666667,g,65.7533333333333,g,1.13333333333333,mg,418.618666666667,1751.50050133333
511,512,"Capuccino, po",100,g,11,11.3125,g,8.63333333333333,g,73.6141666666667,g,382.286666666667,mg,417.406666666667,1746.42949333333
512,513,"Fermento em po, quimico",100,g,11,0.475333318710327,g,0.073333333333333,g,43.9113333479563,g,10052.4113333333,mg,89.7220666511218,375.397126868293
513,514,"Fermento, biologico, levedura, tablete",100,g,11,16.9569994783401,g,1.51766666666667,g,7.69866718832652,g,39.6106666666667,mg,89.7948670305889,375.701723655984
514,515,"Gelatina, sabores variados, po",100,g,11,8.88666666666667,g,Tr,g,89.2233333333333,g,234.923333333333,mg,380.2229,1590.8526136
515,516,"Sal, dietetico",100,g,11,NA,g,NA,g,NA,g,23431.5216666667,mg,NA,NA
516,517,"Sal, grosso",100,g,11,NA,g,NA,g,NA,g,39943.203,mg,NA,NA
517,518,Shoyu,100,g,11,3.3125,g,0.326666666666667,g,11.6475,g,5024.20833333333,mg,60.9277498753866,254.921705478618
518,519,Tempero a base de sal,100,g,11,2.66666666666667,g,0.263333333333333,g,2.07333333333334,g,32560,mg,21.33,89.2447200000001
519,520,"Azeitona, preta, conserva",100,g,12,1.1625,g,20.345,g,5.5445,g,1566.661,mg,194.153847020984,812.339695935796
520,521,"Azeitona, verde, conserva",100,g,12,0.947916666666667,g,14.2156666666667,g,4.10175,g,1347.17766666667,mg,136.93643,572.94202312
521,522,"Chantilly, spray, com gordura vegetal",100,g,12,0.525,g,27.2706666666667,g,16.8550000666667,g,109.703666666667,mg,314.956000266667,1317.77590511573
522,523,"Leite, de coco",100,g,12,1.0140667031606,g,18.3643333333333,g,2.19459996350605,g,44.2946666666667,mg,166.160301615546,695.214701959446
523,524,"Maionese, tradicional com ovos",100,g,12,0.58125,g,30.4976666666667,g,7.89975,g,786.827333333333,mg,302.152677687824,1264.20680344585
524,525,Acaraje,100,g,13,8.34583333333334,g,19.9303333333333,g,19.1138333333333,g,304.888666666667,mg,289.211666666667,1210.06161333333
525,526,Arroz carreteiro,100,g,13,10.8291666666667,g,7.124,g,11.5848333333333,g,1621.728,mg,153.772,643.382048
526,527,"Baiao de dois, arroz e feijao-de-corda",100,g,13,6.23958333333333,g,3.228,g,20.41775,g,93.2996666666667,mg,135.681333333333,567.690698666667
527,528,Barreado,100,g,13,18.26875,g,9.534,g,0.23625,g,47.6273333333333,mg,164.975234047413,690.256379254376
528,529,"Bife a cavalo, com contra file",100,g,13,23.6604166666667,g,21.1466666666667,g,,,82.8746666666667,mg,291.229509244959,1218.50426668091
529,530,Bolinho de arroz,100,g,13,8.03958333333333,g,8.29166666666667,g,41.68275,g,58.8573333333333,mg,273.514333333333,1144.38397066667
530,531,Camarao a baiana,100,g,13,7.94166666666667,g,5.96766666666667,g,3.17366666666667,g,84.7866666666667,mg,100.783043004036,421.676251928886
531,532,"Charuto, de repolho",100,g,13,6.77916666666667,g,1.11666666666667,g,10.1331666666667,g,12.1006666666667,mg,78.2347292222182,327.334107065761
532,533,"Cuscuz, de milho, cozido com sal",100,g,13,2.15625,g,0.679666666666667,g,25.2814166666667,g,247.666,mg,113.459481666667,474.714471293333
533,534,"Cuscuz, paulista",100,g,13,2.55833333333333,g,4.64833333333333,g,22.5136666666667,g,235.709666666667,mg,142.123,594.642632
534,535,"Cuxa, molho",100,g,13,5.64375,g,3.59266666666667,g,5.73891666666667,g,1344.29466666667,mg,80.0916156365077,335.103319823148
535,536,Dobradinha,100,g,13,19.7729166666667,g,4.44233333333333,g,,,28.7736666666667,mg,124.500200833333,520.908840286667
536,537,Estrogonofe de carne,100,g,13,15.03125,g,10.803,g,2.97541666666667,g,122.848,mg,173.141364318013,724.423468306567
537,538,Estrogonofe de frango,100,g,13,17.5520833333333,g,7.96233333333333,g,2.59391666666666,g,99.455,mg,156.806103013237,656.076735007385
538,539,Feijao tropeiro mineiro,100,g,13,10.1708333333333,g,6.79066666666667,g,19.5818333333333,g,365.074333333333,mg,151.561856830955,634.134808980714
539,540,Feijoada,100,g,13,8.67083333333333,g,6.47733333333333,g,11.6418333333333,g,278.220333333333,mg,116.933457311034,489.249585389367
540,541,"Frango, com acafrao",100,g,13,9.69791666666667,g,6.17,g,4.06208333333333,g,28.812,mg,112.783768841227,471.887288831693
541,542,"Macarrao, molho bolognesa",100,g,13,4.93429983488719,g,0.889666666666667,g,22.5223668317795,g,8.93933333333333,mg,119.53177144556,500.120931728223
542,543,Manicoba,100,g,13,9.95833333333333,g,8.69933333333333,g,3.41933333333333,g,406.704333333333,mg,134.222893400987,561.588585989729
543,544,Quibebe,100,g,13,8.55625,g,2.672,g,6.64408333333332,g,246.614,mg,86.349230299592,361.285179573493
544,545,"Salada, de legumes, com maionese",100,g,13,1.05,g,7.039,g,8.92399999999999,g,228.425666666667,mg,96.1035883984566,402.097413859142
545,546,"Salada, de legumes, cozida no vapor",100,g,13,2.00625,g,0.311666666666667,g,7.08908333333334,g,2.50966666666667,mg,35.4081042984724,148.147508384809
546,547,"Salpicao, de frango",100,g,13,13.925,g,7.84066666666667,g,4.56899999999999,g,248.345666666667,mg,147.864596134027,618.665470224768
547,548,Sarapatel,100,g,13,18.4729166666667,g,4.42,g,1.09408333333334,g,215.622666666667,mg,122.981858212431,514.556094760813
548,549,Tabule,100,g,13,2.04632997322083,g,1.208,g,10.5810033601125,g,1.192,mg,57.4534766884806,240.385346464603
549,550,Tacaca,100,g,13,6.95833333333334,g,0.359666666666667,g,3.39,g,1349.06266666667,mg,46.8891771512032,196.184317200634
550,551,"Tapioca, com manteiga",100,g,13,0.089583333333333,g,10.9083333333333,g,63.59175,g,157.524333333333,mg,347.826556257824,1455.30631138274
551,552,"Tucupi, com pimenta-de-cheiro",100,g,13,2.05625,g,0.283666666666667,g,4.73774999999999,g,5.131,mg,27.1837984027266,113.737012517008
552,553,Vaca atolada,100,g,13,5.12291666666667,g,9.322,g,10.0614166666667,g,25.6336666666667,mg,144.89697968479,606.248963001161
553,554,Vatapa,100,g,13,5.99783354918162,g,23.2263333333333,g,9.74849978415172,g,879.850666666667,mg,254.893285724155,1066.47350746987
554,555,Virado a paulista,100,g,13,10.18125,g,25.5906666666667,g,14.1090833333333,g,345.526,mg,306.94678645132,1284.26535451232
555,556,Yakisoba,100,g,13,7.51666666666667,g,2.607,g,18.2513333333333,g,793.762,mg,112.802041253408,471.963740604258
556,557,"Amendoim, grao, cru",100,g,14,27.1908001899719,g,43.85,g,20.3135333333333,g,Tr,mg,544.052655799433,2276.31631186483
557,558,"Amendoim, torrado, salgado",100,g,14,22.4751801570257,g,53.9633333333333,g,18.702486509641,g,375.732666666667,mg,605.781092917019,2534.58809276481
558,559,"Ervilha, em vagem",100,g,14,7.45208333333333,g,0.471,g,14.2275833333333,g,Tr,mg,88.0935819997785,366.967189786667
559,560,"Ervilha, enlatada, drenada",100,g,14,4.59782608695652,g,0.38,g,13.4421739130435,g,372.109666666667,mg,73.8447043478261,308.966242991304
560,561,"Feijao, carioca, cozido",100,g,14,4.775,g,0.542333333333333,g,13.5910333333333,g,1.759,mg,76.4240856666667,319.758374429333
561,562,"Feijao, carioca, cru",100,g,14,19.981884057971,g,1.25666666666667,g,61.2214492753623,g,Tr,mg,329.026736231884,1376.6478643942
562,563,"Feijao, fradinho, cozido",100,g,14,5.09375,g,0.644,g,13.4995833333333,g,0.982,mg,78.0088966666667,326.389223653333
563,564,"Feijao, fradinho, cru",100,g,14,20.2083333333333,g,2.365,g,61.24,g,10.3136666666667,mg,339.164766666667,1419.06538373333
564,565,"Feijao, jalo, cozido",100,g,14,6.14375,g,0.512,g,16.49525,g,0.520333333333333,mg,92.73992,388.02382528
565,566,"Feijao, jalo, cru",100,g,14,20.1041666666667,g,0.946666666666667,g,61.4791666666667,g,24.5803333333333,mg,327.905266666667,1371.95563573333
566,567,"Feijao, preto, cozido",100,g,14,4.47916666666667,g,0.535666666666667,g,14.0051666666667,g,1.854,mg,77.0272666666667,322.282083733333
567,568,"Feijao, preto, cru",100,g,14,21.3442028985507,g,1.24,g,58.752463768116,g,Tr,mg,323.565711594203,1353.79893731015
568,569,"Feijao, rajado, cozido",100,g,14,5.5375,g,0.4,g,15.2675,g,0.687,mg,84.7018527334929,354.392551836934
569,570,"Feijao, rajado, cru",100,g,14,17.2708333333333,g,1.17,g,62.9291666666667,g,13.6503333333333,mg,325.844411162734,1363.33301630488
570,571,"Feijao, rosinha, cozido",100,g,14,4.53958333333333,g,0.477333333333333,g,11.82275,g,2.08066666666667,mg,67.8662287714283,283.952301179656
571,572,"Feijao, rosinha, cru",100,g,14,20.9166666666667,g,1.33,g,62.2233333333333,g,24.1143333333333,mg,336.961911127567,1409.84863615774
572,573,"Feijao, roxo, cozido",100,g,14,5.72083333333333,g,0.538333333333333,g,12.9081666666667,g,1.457,mg,76.8933823179006,321.721911618096
573,574,"Feijao, roxo, cru",100,g,14,22.1666666666667,g,1.23666666666667,g,59.9866666666667,g,9.75766666666667,mg,331.414977456729,1386.64026567895
574,575,"Grao-de-bico, cru",100,g,14,21.2291666666667,g,5.43,g,57.8841666666667,g,5.194,mg,354.7028765891,1484.07683564879
575,576,"Guandu, cru",100,g,14,18.9645833333333,g,2.132,g,64.0004166666667,g,1.617,mg,344.133651284993,1439.85519697641
576,577,"Lentilha, cozida",100,g,14,6.31041666666667,g,0.524666666666667,g,16.30225,g,1.17633333333333,mg,92.6387662522992,387.60059799962
577,578,"Lentilha, crua",100,g,14,23.1521739130435,g,0.77,g,62.0044927536232,g,Tr,mg,339.141240203553,1418.96694901167
578,579,"Pacoca, amendoim",100,g,14,15.9958333333333,g,26.0753333333333,g,52.3761666666667,g,166.840666666667,mg,486.927086464524,2037.30292976757
579,580,"Pe-de-moleque, amendoim",100,g,14,13.1622400919596,g,28.0483333333333,g,54.730426574707,g,16.3453333333333,mg,503.190365839956,2105.34849067437
580,581,"Soja, farinha",100,g,14,36.0301002407074,g,14.6333333333333,g,38.4398997592926,g,5.75366666666667,mg,403.955845810399,1690.15125887071
581,582,"Soja, extrato soluvel, natural, fluido",100,g,14,2.38107001590729,g,1.606,g,4.27526333333334,g,56.528,mg,39.1048552753508,163.614714472068
582,583,"Soja, extrato soluvel, po",100,g,14,35.6875002384186,g,26.181,g,28.4828333333333,g,83.471,mg,458.895729437868,1920.01973196804
583,584,"Soja, queijo (tofu)",100,g,14,6.55317671044668,g,3.95333333333333,g,2.12682333333333,g,1.21366666666667,mg,64.4850940738902,269.805633605157
584,585,"Tremoco, cru",100,g,14,33.575,g,10.342,g,43.7863333333333,g,3.29066666666667,mg,381.278173960129,1595.26787984918
585,586,"Tremoco, em conserva",100,g,14,11.1083333333333,g,3.784,g,12.3893333333333,g,1808.75766666667,mg,120.642585344871,504.76857708294
586,587,"Amendoa, torrada, salgada",100,g,15,18.5547593851089,g,47.3243333333333,g,29.54724,g,278.522666666667,mg,580.746954556071,2429.8452578626
587,588,"Castanha-de-caju, torrada, salgada",100,g,15,18.5093673327764,g,46.2796666666667,g,29.134966000557,g,125,mg,570.167626501619,2385.58134928277
588,589,"Castanha-do-Brasil, crua",100,g,15,14.53634010156,g,63.459,g,15.07865989844,g,0.654,mg,642.963071681069,2690.15749191359
589,590,"Coco, cru",100,g,15,3.69183412310697,g,41.9763333333333,g,10.401665876893,g,15.32,mg,406.48735310781,1700.74308540308
590,591,"Coco, verde, cru",100,g,15,*,g,*,g,*,g,*,mg,*,*
591,592,"Farinha, de mesocarpo de babacu, crua",100,g,15,1.40626671727498,g,0.198,g,79.1730666160584,g,12.463,mg,328.771400244834,1375.57953862438
592,593,"Gergelim, semente",100,g,15,21.1646674283346,g,50.4326666666667,g,21.6176659049988,g,2.575,mg,583.54671475455,2441.55945453304
593,594,"Linhaca, semente",100,g,15,14.0838671735128,g,32.2529333333333,g,43.3121994931539,g,8.67333333333333,mg,495.096113843651,2071.53491450499
594,595,"Pinhao, cozido",100,g,15,2.98036666666667,g,0.747,g,43.9176333333333,g,0.862666666666667,mg,174.369902,729.563669968
595,596,"Pupunha, cozida",100,g,15,2.52291666666667,g,12.7616666666667,g,29.5694166666667,g,0.908666666666667,mg,218.533880876601,914.345757587697
596,597,"Noz, crua",100,g,15,13.9708005027771,g,59.3596666666667,g,18.3638661638896,g,4.57066666666667,mg,620.060019790567,2594.33112280373
